종목명,종목코드,현재가,등락률(%),시장
3S,060310,1525,+4.88,KOSDAQ
AJ네트웍스,095570,5090,-3.96,KOSPI
AK홀딩스,006840,8390,-1.99,KOSPI
APS,054620,6890,+0.88,KOSDAQ
APS이노베이션,079810,6530,-2.10,KOSDAQ
AP시스템,265520,26050,-0.57,KOSDAQ
AP위성,211270,17490,+5.30,KOSDAQ
BF랩스,139050,432,+15.82,KOSDAQ
BGF,027410,5290,+0.95,KOSPI
BGF리테일,282330,132400,+0.30,KOSPI
BGF에코머티리얼즈,126600,4250,+0.95,KOSDAQ
BNK금융지주,138930,18200,-2.83,KOSPI
BYC,001460,50800,+0.79,KOSPI
BYC우,001465,33900,-0.29,KOSPI
CG인바이츠,083790,1210,-3.82,KOSDAQ
CJ,001040,224500,+0.00,KOSPI
CJ CGV,079160,4965,+0.61,KOSPI
CJ ENM,035760,54200,+0.18,KOSDAQ
CJ 바이오사이언스,311690,7840,+0.64,KOSDAQ
CJ4우(전환),00104K,193000,+0.52,KOSPI
CJ대한통운,000120,101300,+0.20,KOSPI
CJ씨푸드,011150,2700,-0.55,KOSPI
CJ씨푸드1우,011155,13250,-0.08,KOSPI
CJ우,001045,90800,+0.78,KOSPI
CJ제일제당,097950,241000,-2.23,KOSPI
CJ제일제당 우,097955,137800,-0.93,KOSPI
CJ프레시웨이,051500,28050,-2.60,KOSDAQ
CMG제약,058820,1716,-3.27,KOSDAQ
CNT85,056730,514,+0.00,KOSDAQ
CR홀딩스,000480,5040,-1.56,KOSPI
CS,065770,1584,+0.00,KOSDAQ
CSA 코스믹,083660,393,-9.66,KOSDAQ
CS홀딩스,000590,80200,-0.25,KOSPI
DB,012030,1970,-1.99,KOSPI
DB금융스팩12호,477760,2230,+0.00,KOSDAQ
DB손해보험,005830,166800,-0.48,KOSPI
DB증권,016610,14510,+6.22,KOSPI
DB하이텍,000990,161700,+2.02,KOSPI
DGI,099520,1284,+0.00,KOSDAQ
DH오토넥스,000300,4200,+0.00,KOSPI
DH오토리드,290120,3115,-5.46,KOSDAQ
DH오토웨어,025440,919,+12.90,KOSDAQ
DI동일,001530,30500,+1.50,KOSPI
DKME,015590,515,+0.00,KOSPI
DL,000210,67400,-5.73,KOSPI
DL우,000215,29250,-3.47,KOSPI
DL이앤씨,375500,91300,-7.78,KOSPI
DL이앤씨2우(전환),37550L,54400,-7.80,KOSPI
DL이앤씨우,37550K,29450,-4.07,KOSPI
DMS,068790,8330,+0.60,KOSDAQ
DN오토모티브,007340,51100,+6.35,KOSPI
DRB동일,004840,5280,-2.04,KOSPI
DSC인베스트먼트,241520,17260,+1.17,KOSDAQ
DSR,155660,4600,+2.11,KOSPI
DSR제강,069730,5730,+1.60,KOSPI
DS단석,017860,23900,-0.42,KOSPI
DXVX,180400,4355,-5.84,KOSDAQ
DYP,092780,5220,+2.96,KOSPI
E1,017940,104400,-3.60,KOSPI
E8,418620,1480,+0.48,KOSDAQ
EDGC,245620,415,+0.00,KOSDAQ
EG,037370,5450,-3.37,KOSDAQ
ESR켄달스퀘어리츠,365550,4385,-3.09,KOSPI
ES큐브,050120,2940,+2.80,KOSDAQ
F&F,383220,76600,+14.50,KOSPI
F&F홀딩스,007700,20250,+5.47,KOSPI
FSN,214270,2020,-1.46,KOSDAQ
GC메디아이,032620,4025,-0.86,KOSDAQ
GH신소재,130500,2520,-2.70,KOSDAQ
GKL,114090,12380,+2.65,KOSPI
GRT,900290,4100,+5.67,KOSDAQ
GS,078930,80900,-1.22,KOSPI
GST,083450,50100,+3.30,KOSDAQ
GS건설,006360,35950,-5.52,KOSPI
GS글로벌,001250,4665,-8.71,KOSPI
GS리테일,007070,23050,-1.91,KOSPI
GS우,078935,57100,-1.38,KOSPI
GS피앤엘,499790,55200,-0.18,KOSPI
HB솔루션,297890,2360,+2.61,KOSDAQ
HB인베스트먼트,440290,2185,-2.46,KOSDAQ
HB테크놀러지,078150,3095,+8.60,KOSDAQ
HC보광산업,225530,3500,-9.79,KOSDAQ
HC홈센타,060560,3505,-9.31,KOSDAQ
HDC,012630,28100,+0.00,KOSPI
HDC랩스,039570,8340,-0.60,KOSPI
HDC현대EP,089470,5780,+6.06,KOSPI
HD건설기계,267270,191100,+3.92,KOSPI
HD한국조선해양,009540,469500,+1.73,KOSPI
HD현대,267250,302500,-2.58,KOSPI
HD현대마린솔루션,443060,269500,+1.51,KOSPI
HD현대마린엔진,071970,107100,+1.23,KOSPI
HD현대에너지솔루션,322000,221000,-4.33,KOSPI
HD현대일렉트릭,267260,1299000,+3.75,KOSPI
HD현대중공업,329180,680000,-0.73,KOSPI
HEM파마,376270,61500,+2.84,KOSDAQ
HJ중공업,097230,28800,-0.69,KOSPI
HK이노엔,195940,52000,-0.76,KOSDAQ
HL D&I,014790,3450,-2.82,KOSPI
HLB,028300,60900,+0.16,KOSDAQ
HLB글로벌,003580,2210,+0.23,KOSPI
HLB바이오스텝,278650,1272,+0.00,KOSDAQ
HLB생명과학,067630,4240,+1.56,KOSDAQ
HLB이노베이션,024850,26300,+13.85,KOSDAQ
HLB제넥스,187420,2820,-4.08,KOSDAQ
HLB제약,047920,17270,-0.17,KOSDAQ
HLB테라퓨틱스,115450,3645,+3.26,KOSDAQ
HLB파나진,046210,2125,+0.00,KOSDAQ
HLB펩,196300,7190,-0.83,KOSDAQ
HL만도,204320,58000,+1.58,KOSPI
HL홀딩스,060980,43250,-0.46,KOSPI
HMM,011200,21150,+3.17,KOSPI
HPSP,403870,54400,+3.42,KOSDAQ
HRS,036640,5360,+0.19,KOSDAQ
HS애드,035000,8990,+0.00,KOSPI
HS화성,002460,14000,+5.18,KOSPI
HS효성,487570,66600,+1.68,KOSPI
HS효성첨단소재,298050,267000,-0.93,KOSPI
IBKS제23호스팩,467930,2160,+0.93,KOSDAQ
IBKS제24호스팩,469480,2140,-0.70,KOSDAQ
IBKS제25호스팩,0099X0,2145,+0.47,KOSDAQ
INVENI,015360,16210,+0.87,KOSPI
IPARK현대산업개발,294870,22600,-1.53,KOSPI
ISC,095340,247500,+2.06,KOSDAQ
JB금융지주,175330,27350,+0.18,KOSPI
JTC,950170,4970,+21.07,KOSDAQ
JW생명과학,234080,12820,-0.85,KOSPI
JW신약,067290,1973,-1.35,KOSDAQ
JW중외제약,001060,30700,-1.60,KOSPI
JW중외제약2우B,001067,55200,-0.18,KOSPI
JW중외제약우,001065,26000,-1.14,KOSPI
JW홀딩스,096760,4240,-0.93,KOSPI
JYP Ent.,035900,62500,-0.64,KOSDAQ
KBG,318000,4565,-0.11,KOSDAQ
KBI동양철관,008970,1860,-1.33,KOSPI
KBI메탈,024840,6630,+30.00,KOSDAQ
KB금융,105560,157800,-1.68,KOSPI
KB발해인프라,415640,9990,-1.09,KOSPI
KB스타리츠,432320,2020,-6.70,KOSPI
KB오토시스,024120,3925,-2.48,KOSDAQ
KB제27호스팩,464680,2090,+0.00,KOSDAQ
KB제29호스팩,478390,2065,-0.24,KOSDAQ
KB제30호스팩,486630,2055,+0.00,KOSDAQ
KB제31호스팩,492220,2035,+0.49,KOSDAQ
KB제32호스팩,0037T0,2005,-0.25,KOSDAQ
KB제33호스팩,0072Z0,2000,+0.05,KOSDAQ
KCC,002380,574000,+3.42,KOSPI
KCC건설,021320,7160,+0.70,KOSDAQ
KCC글라스,344820,28950,-1.19,KOSPI
KCTC,009070,6010,+1.35,KOSPI
KC그린홀딩스,009440,756,+0.00,KOSPI
KC코트렐,119650,918,+0.00,KOSPI
KD,044180,205,+0.00,KOSDAQ
KEC,092220,1838,+0.00,KOSPI
KG모빌리티,003620,4440,+2.42,KOSPI
KG스틸,016380,6990,-0.57,KOSPI
KG에코솔루션,151860,7270,-1.22,KOSDAQ
KG이니시스,035600,11480,+0.26,KOSDAQ
KG케미칼,001390,6550,-7.36,KOSPI
KG파이낸셜,046440,5230,+0.00,KOSDAQ
KH바텍,060720,14080,+0.36,KOSDAQ
KISCO홀딩스,001940,26600,-1.48,KOSPI
KNN,058400,719,+0.84,KOSDAQ
KPX케미칼,025000,54100,-0.18,KOSPI
KPX홀딩스,092230,91300,+0.33,KOSPI
KR모터스,000040,436,+1.16,KOSPI
KSS해운,044450,12760,-0.47,KOSPI
KS인더스트리,101000,822,+1.73,KOSDAQ
KT,030200,60600,-0.49,KOSPI
KT&G,033780,179600,+0.73,KOSPI
KTcs,058850,2685,-0.37,KOSPI
KTis,058860,2870,-0.17,KOSPI
KT나스미디어,089600,12030,-1.31,KOSDAQ
KT밀리의서재,418470,13220,-1.56,KOSDAQ
KT지니뮤직,043610,1754,-1.85,KOSDAQ
KX,122450,3235,+1.41,KOSDAQ
KX하이텍,052900,1239,+3.51,KOSDAQ
KZ정밀,036560,14480,-1.36,KOSDAQ
LB세미콘,061970,5480,-2.14,KOSDAQ
LB인베스트먼트,309960,5990,+1.53,KOSDAQ
LF,093050,25050,+1.01,KOSPI
LG,003550,102300,+3.23,KOSPI
LG디스플레이,034220,12310,+0.41,KOSPI
LG생활건강,051900,279500,+10.04,KOSPI
LG생활건강우,051905,118300,+3.59,KOSPI
LG씨엔에스,064400,65900,+1.38,KOSPI
LG에너지솔루션,373220,472000,+2.50,KOSPI
LG우,003555,72200,+1.26,KOSPI
LG유플러스,032640,15990,+0.95,KOSPI
LG이노텍,011070,595000,+3.84,KOSPI
LG전자,066570,143200,+1.63,KOSPI
LG전자우,066575,61400,+1.82,KOSPI
LG헬로비전,037560,2350,-0.42,KOSPI
LG화학,051910,429000,+8.06,KOSPI
LG화학우,051915,196100,+5.03,KOSPI
LIG디펜스앤에어로스페이스,079550,983000,+4.46,KOSPI
LIG아큐버,073490,53000,+0.76,KOSDAQ
LK삼양,225190,2190,+1.86,KOSDAQ
LS,006260,509000,+12.36,KOSPI
LS ELECTRIC,010120,294000,+5.76,KOSPI
LS네트웍스,000680,4210,-5.92,KOSPI
LS마린솔루션,060370,49550,+29.88,KOSDAQ
LS머트리얼즈,417200,30350,+1.00,KOSDAQ
LS에코에너지,229640,90400,+3.79,KOSPI
LS증권,078020,8290,+5.74,KOSDAQ
LS티라유텍,322180,9260,+3.70,KOSDAQ
LX세미콘,108320,63100,+0.80,KOSPI
LX인터내셔널,001120,52300,-2.06,KOSPI
LX하우시스,108670,42500,+17.73,KOSPI
LX하우시스우,108675,19940,+17.71,KOSPI
LX홀딩스,383800,9200,+1.10,KOSPI
LX홀딩스1우,38380K,8870,-0.22,KOSPI
M83,476080,7130,-1.11,KOSDAQ
MDS테크,086960,1115,+0.00,KOSDAQ
MH에탄올,023150,4485,-0.33,KOSPI
NAVER,035420,209000,-0.95,KOSPI
NC,036570,267500,-1.11,KOSPI
NEW,160550,1744,-1.64,KOSDAQ
NE능률,053290,2135,-2.95,KOSDAQ
NHN,181710,40600,-0.98,KOSPI
NHN KCP,060250,20050,+2.04,KOSDAQ
NHN벅스,104200,4130,-6.03,KOSDAQ
NH올원리츠,400760,3270,-2.68,KOSPI
NH투자증권,005940,36450,+8.32,KOSPI
NH투자증권우,005945,28200,+3.68,KOSPI
NH프라임리츠,338100,4675,-1.99,KOSPI
NICE,034310,14760,+1.17,KOSPI
NICE인프라,063570,4550,-2.15,KOSDAQ
NICE평가정보,030190,15030,-1.76,KOSPI
NI스틸,008260,4100,+4.06,KOSPI
NPC,004250,3930,+0.13,KOSPI
NPC우,004255,2405,+0.21,KOSPI
NPX,222160,8040,+0.00,KOSDAQ
OCI,456040,144300,-3.80,KOSPI
OCI홀딩스,010060,355500,-3.40,KOSPI
PI첨단소재,178920,30500,+18.45,KOSPI
PKC,001340,7390,+0.82,KOSPI
PN풍년,024940,3260,-1.36,KOSDAQ
POSCO홀딩스,005490,502000,+8.66,KOSPI
PS일렉트로닉스,332570,10470,+29.90,KOSDAQ
RFHIC,218410,98000,+3.92,KOSDAQ
RF머트리얼즈,327260,108600,+16.40,KOSDAQ
RF시스템즈,474610,14710,+5.45,KOSDAQ
S&K폴리텍,091340,2695,+2.47,KOSDAQ
S-Oil,010950,128000,-4.83,KOSPI
S-Oil우,010955,59500,-3.09,KOSPI
SAMG엔터,419530,39500,-7.93,KOSDAQ
SBI인베스트먼트,019550,638,+0.00,KOSDAQ
SBS,034120,16020,+0.75,KOSPI
SB성보,003080,2670,-0.93,KOSPI
SCL사이언스,246960,1993,-2.30,KOSDAQ
SDN,099220,1390,-4.07,KOSDAQ
SFA반도체,036540,8620,+3.86,KOSDAQ
SG,255220,2590,-2.08,KOSDAQ
SG&G,040610,2175,+0.00,KOSDAQ
SGA솔루션즈,184230,754,+0.00,KOSDAQ
SGC E&C,016250,17220,-2.38,KOSDAQ
SGC에너지,005090,60500,+1.34,KOSPI
SG글로벌,001380,1098,+0.00,KOSPI
SG세계물산,004060,489,+0.00,KOSPI
SHD,001770,16910,+0.71,KOSPI
SH에너지화학,002360,358,+0.00,KOSPI
SIMPAC,009160,6440,+9.71,KOSPI
SJG세종,033530,7890,-0.75,KOSPI
SJM,123700,3830,-0.13,KOSPI
SJM홀딩스,025530,3865,+0.39,KOSPI
SK,034730,475500,+11.88,KOSPI
SKAI,357880,3175,-3.79,KOSDAQ
SKC,011790,124000,+5.08,KOSPI
SK가스,018670,266500,-7.79,KOSPI
SK네트웍스,001740,6590,+12.27,KOSPI
SK디스커버리,006120,55600,-0.54,KOSPI
SK디스커버리우,006125,42250,-0.35,KOSPI
SK디앤디,210980,12880,+0.47,KOSPI
SK리츠,395400,6490,-3.99,KOSPI
SK바이오사이언스,302440,43300,+0.58,KOSPI
SK바이오팜,326030,99300,-0.60,KOSPI
SK스퀘어,402340,991000,+17.84,KOSPI
SK아이이테크놀로지,361610,26800,+1.52,KOSPI
SK오션플랜트,100090,23500,-4.28,KOSPI
SK우,03473K,326000,+9.40,KOSPI
SK이노베이션,096770,145700,-0.34,KOSPI
SK이노베이션우,096775,79000,+1.67,KOSPI
SK이터닉스,475150,55200,-4.83,KOSPI
SK증권,001510,5190,-0.76,KOSPI
SK증권우,001515,12760,-2.67,KOSPI
SK케미칼,285130,59700,+0.51,KOSPI
SK케미칼우,28513K,27850,-0.18,KOSPI
SK텔레콤,017670,97400,+2.42,KOSPI
SK하이닉스,000660,1447000,+12.52,KOSPI
SM C&C,048550,1127,-1.14,KOSDAQ
SM Life Design,063440,1464,-0.20,KOSDAQ
SNT다이내믹스,003570,59300,-0.84,KOSPI
SNT모티브,064960,34500,-1.43,KOSPI
SNT에너지,100840,58600,+4.27,KOSPI
SNT홀딩스,036530,61100,-1.61,KOSPI
SOOP,067160,55500,-4.97,KOSDAQ
SP삼화,000390,9260,-2.01,KOSPI
STX,011810,3530,+0.00,KOSPI
STX그린로지스,465770,4020,-6.94,KOSPI
STX엔진,077970,60000,-2.60,KOSPI
SUN&L,002820,2380,+0.42,KOSPI
SV인베스트먼트,289080,4280,+5.81,KOSDAQ
SYTS,002170,59000,-1.99,KOSPI
SY동아,041930,6800,-0.73,KOSDAQ
TBH글로벌,084870,2125,-2.75,KOSPI
TCC스틸,002710,19980,+1.27,KOSPI
THE CUBE&,013720,683,-1.59,KOSDAQ
THE E&M,089230,3915,+0.64,KOSDAQ
TJ미디어,032540,3730,-1.06,KOSDAQ
TKG휴켐스,069260,18440,-2.38,KOSPI
TP,007980,2140,-2.28,KOSPI
TPC로보틱스,048770,3905,-1.01,KOSDAQ
TS인베스트먼트,246690,1865,+4.48,KOSDAQ
TS트릴리온,317240,309,+0.00,KOSDAQ
TYM,002900,8320,+3.35,KOSPI
WISCOM,024070,2810,+13.31,KOSPI
YBM넷,057030,2885,-0.35,KOSDAQ
YG PLUS,037270,5050,-1.17,KOSPI
YTN,040300,3485,+0.43,KOSDAQ
YW,051390,4540,+2.60,KOSDAQ
iMBC,052220,3110,-0.80,KOSDAQ
iM금융지주,139130,19300,+1.05,KOSPI
가비아,079940,31100,+3.49,KOSDAQ
가온그룹,078890,6930,+2.82,KOSDAQ
가온전선,000500,288500,+19.46,KOSPI
가온칩스,399720,73300,+4.12,KOSDAQ
감성코퍼레이션,036620,6480,-0.77,KOSDAQ
강남제비스코,000860,16350,-2.91,KOSPI
강동씨앤엘,198440,1145,-4.18,KOSDAQ
강스템바이오텍,217730,3970,-0.63,KOSDAQ
강원랜드,035250,16950,-1.45,KOSPI
강원에너지,114190,16200,+5.68,KOSDAQ
갤럭시아머니트리,094480,8780,+3.05,KOSDAQ
갤럭시아에스엠,011420,1885,+2.45,KOSPI
경남스틸,039240,2930,-0.85,KOSDAQ
경남제약,053950,769,+0.00,KOSDAQ
경농,002100,10600,+1.15,KOSPI
경동나비엔,009450,76900,-1.03,KOSPI
경동도시가스,267290,23000,+0.00,KOSPI
경동인베스트,012320,67000,+1.52,KOSPI
경동제약,011040,5630,-0.18,KOSDAQ
경방,000050,10320,+2.18,KOSPI
경보제약,214390,6650,-0.45,KOSPI
경인양행,012610,5630,+10.61,KOSPI
경인전자,009140,23500,+3.07,KOSPI
경창산업,024910,1991,-1.92,KOSDAQ
계룡건설,013580,28700,-1.03,KOSPI
계양전기,012200,7130,+1.86,KOSPI
계양전기우,012205,8470,+0.47,KOSPI
고려산업,002140,2840,+0.35,KOSPI
고려신용정보,049720,10040,-0.20,KOSDAQ
고려아연,010130,1629000,+3.17,KOSPI
고려제강,002240,25400,-1.17,KOSPI
고려제약,014570,4125,-1.55,KOSDAQ
고바이오랩,348150,5130,-3.57,KOSDAQ
고스트스튜디오,950190,8090,-0.37,KOSDAQ
고영,098460,38950,-3.23,KOSDAQ
골드앤에스,035290,716,+3.77,KOSDAQ
골프존,215000,50400,-1.75,KOSDAQ
골프존홀딩스,121440,5140,-2.10,KOSDAQ
공구우먼,366030,6830,+1.19,KOSDAQ
광동제약,009290,8350,+0.97,KOSPI
광명전기,017040,932,+0.00,KOSPI
광무,029480,2170,+1.40,KOSDAQ
광전자,017900,10430,+3.17,KOSPI
광주신세계,037710,38100,-1.04,KOSPI
광진실업,026910,2290,+7.51,KOSDAQ
교보15호스팩,465320,2335,+0.00,KOSDAQ
교보16호스팩,482520,2045,-0.24,KOSDAQ
교보17호스팩,489210,2100,+0.00,KOSDAQ
교보18호스팩,0041B0,2025,-0.98,KOSDAQ
교보19호스팩,0098T0,2035,-0.49,KOSDAQ
교보20호스팩,0132G0,1996,-0.20,KOSDAQ
교보증권,030610,14710,+7.92,KOSPI
교촌에프앤비,339770,4445,-0.89,KOSPI
구영테크,053270,2360,+0.00,KOSDAQ
국도화학,007690,40900,-2.15,KOSPI
국보디자인,066620,23750,+0.64,KOSDAQ
국순당,043650,4270,-0.23,KOSDAQ
국영지앤엠,006050,1312,-4.58,KOSDAQ
국일신동,060480,1899,+4.28,KOSDAQ
국일제지,078130,436,+0.00,KOSDAQ
국전,307750,3855,-1.41,KOSDAQ
국제약품,002720,4710,+0.00,KOSPI
그래디언트,035080,11550,-4.62,KOSDAQ
그래피,318060,32250,-2.86,KOSDAQ
그리드위즈,453450,25200,+0.20,KOSDAQ
그리티,204020,2340,-0.64,KOSDAQ
그린광학,0015G0,35050,+7.19,KOSDAQ
그린리소스,402490,20700,-0.48,KOSDAQ
그린생명과학,114450,2890,-1.37,KOSDAQ
그린케미칼,083420,6250,-0.16,KOSPI
그린플러스,186230,4490,-1.21,KOSDAQ
극동유화,014530,3895,-2.63,KOSPI
글로벌에스엠,900070,610,+0.00,KOSDAQ
글로벌텍스프리,204620,5940,-0.34,KOSDAQ
글로본,019660,2260,-0.44,KOSDAQ
금강공업,014280,5380,+0.37,KOSPI
금강공업우,014285,7030,-1.95,KOSPI
금강철강,053260,6810,+6.41,KOSDAQ
금비,008870,45000,+0.11,KOSPI
금양,001570,9900,+0.00,KOSPI
금양그린파워,282720,16420,+1.99,KOSDAQ
금호건설,002990,5480,-0.90,KOSPI
금호건설우,002995,14780,-3.96,KOSPI
금호석유화학,011780,144400,-1.50,KOSPI
금호석유화학우,011785,60300,-1.31,KOSPI
금호에이치티,214330,3605,-9.42,KOSPI
금호전기,001210,921,-2.13,KOSPI
금호타이어,073240,5670,-2.58,KOSPI
금화피에스시,036190,40700,+0.99,KOSDAQ
기가레인,049080,2055,-0.72,KOSDAQ
기가비스,420770,109500,+5.39,KOSDAQ
기산텔레콤,035460,3890,+1.43,KOSDAQ
기신정기,092440,2410,+1.26,KOSPI
기아,000270,154000,+1.45,KOSPI
기업은행,024110,22100,-2.21,KOSPI
까뮤이앤씨,013700,1392,+0.58,KOSPI
깨끗한나라,004540,1999,-0.30,KOSPI
깨끗한나라우,004545,10580,-0.19,KOSPI
꿈비,407400,4500,-1.32,KOSDAQ
나노,187790,6360,+4.26,KOSDAQ
나노신소재,121600,84500,+2.05,KOSDAQ
나노실리칸첨단소재,286750,1611,+1.38,KOSDAQ
나노씨엠에스,247660,4840,-1.53,KOSDAQ
나노엔텍,039860,6490,-5.26,KOSDAQ
나노캠텍,091970,757,+0.00,KOSDAQ
나노팀,417010,11300,+0.89,KOSDAQ
나라셀라,405920,2570,-2.28,KOSDAQ
나라스페이스테크놀로지,478340,34150,+0.15,KOSDAQ
나라엠앤디,051490,3945,-0.63,KOSDAQ
나래나노텍,137080,5820,-2.68,KOSDAQ
나무가,190510,19380,+1.41,KOSDAQ
나무기술,242040,5000,-2.91,KOSDAQ
나우IB,293580,2685,+1.90,KOSDAQ
나우로보틱스,459510,30300,-0.82,KOSDAQ
나이벡,138610,25500,-1.54,KOSDAQ
나이스디앤비,130580,5580,+0.00,KOSDAQ
나이스정보통신,036800,29200,+4.10,KOSDAQ
나인테크,267320,3500,+0.57,KOSDAQ
남광토건,001260,9780,-1.01,KOSPI
남선알미늄,008350,2110,+0.24,KOSPI
남선알미우,008355,13760,-1.57,KOSPI
남성,004270,753,+0.00,KOSPI
남양유업,003920,51900,-1.33,KOSPI
남양유업우,003925,37950,-0.52,KOSPI
남해화학,025860,11610,-1.11,KOSPI
남화산업,111710,4180,-0.48,KOSDAQ
남화토건,091590,4260,-2.52,KOSDAQ
내츄럴엔도텍,168330,2480,-3.13,KOSDAQ
네오리진,094860,1490,+0.07,KOSDAQ
네오셈,253590,18970,+1.61,KOSDAQ
네오오토,212560,8360,+0.24,KOSDAQ
네오위즈,095660,21900,-0.45,KOSDAQ
네오위즈홀딩스,042420,21500,-1.38,KOSDAQ
네오이뮨텍,950220,451,-3.63,KOSDAQ
네오크레마,311390,4720,+0.00,KOSDAQ
네오티스,085910,27100,+5.04,KOSDAQ
네오팜,092730,20950,+2.70,KOSDAQ
네이블,153460,9660,+0.52,KOSDAQ
네이처셀,007390,20400,+6.53,KOSDAQ
네패스,033640,32950,+2.97,KOSDAQ
네패스아크,330860,38550,+1.85,KOSDAQ
넥사다이내믹스,351320,1312,-2.45,KOSDAQ
넥센,005720,7200,+0.00,KOSPI
넥센우,005725,4700,-0.21,KOSPI
넥센타이어,002350,7350,-1.08,KOSPI
넥센타이어1우B,002355,4350,+0.46,KOSPI
넥스턴앤롤코리아,089140,2225,+0.45,KOSDAQ
넥스트바이오메디컬,389650,60500,+1.68,KOSDAQ
넥스트아이,137940,263,+0.00,KOSDAQ
넥스트칩,396270,5080,-1.55,KOSDAQ
넥스틴,348210,72900,+4.59,KOSDAQ
넥스틸,092790,18800,-7.39,KOSPI
넥슨게임즈,225570,11780,-0.67,KOSDAQ
넥써쓰,205500,1810,-3.98,KOSDAQ
넵튠,217270,3960,-2.58,KOSDAQ
넷마블,251270,49500,-0.30,KOSPI
노랑풍선,104620,4970,+0.30,KOSDAQ
노루페인트,090350,8730,-1.13,KOSPI
노루페인트우,090355,13550,-1.24,KOSPI
노루홀딩스,000320,22000,-0.45,KOSPI
노루홀딩스우,000325,30850,-2.22,KOSPI
노머스,473980,17550,-0.57,KOSDAQ
노바렉스,194700,15260,+2.42,KOSDAQ
노바텍,285490,24000,+2.56,KOSDAQ
노브랜드,145170,4675,+0.11,KOSDAQ
노블엠앤비,106520,411,+0.00,KOSDAQ
노을,376930,1460,-5.68,KOSDAQ
노타,486990,34700,-2.12,KOSDAQ
녹십자,006280,137500,+0.29,KOSPI
녹십자엠에스,142280,3890,+0.65,KOSDAQ
녹십자웰빙,234690,12690,-1.09,KOSDAQ
녹십자홀딩스,005250,13950,-0.07,KOSPI
녹십자홀딩스2우,005257,22800,-0.65,KOSPI
농심,004370,381000,+0.93,KOSPI
농심홀딩스,072710,97200,-0.41,KOSPI
농우바이오,054050,8100,+0.25,KOSDAQ
누리플랜,069140,2150,-0.69,KOSDAQ
누리플렉스,040160,17490,+4.29,KOSDAQ
누보,332290,1357,-1.81,KOSDAQ
뉴로메카,348340,67600,+4.32,KOSDAQ
뉴로핏,380550,19930,-0.85,KOSDAQ
뉴보텍,060260,1473,-0.87,KOSDAQ
뉴엔AI,463020,15180,+3.13,KOSDAQ
뉴온,123840,555,+0.00,KOSDAQ
뉴인텍,012340,287,+0.00,KOSDAQ
뉴키즈온,462310,4505,+1.24,KOSDAQ
뉴트리,270870,4300,-1.60,KOSDAQ
뉴파워프라즈마,144960,7070,+4.59,KOSDAQ
뉴프렉스,085670,6500,-1.52,KOSDAQ
다날,064260,7430,+1.36,KOSDAQ
다보링크,340360,1543,-0.71,KOSDAQ
다산네트웍스,039560,5020,+0.00,KOSDAQ
다산디엠씨,208860,1301,-2.33,KOSDAQ
다산솔루에타,154040,1222,+4.44,KOSDAQ
다스코,058730,3750,-2.72,KOSPI
다올투자증권,030210,4625,+4.76,KOSPI
다우기술,023590,47700,+2.80,KOSPI
다우데이타,032190,23850,+3.47,KOSDAQ
다원넥스뷰,323350,13700,+14.93,KOSDAQ
다원시스,068240,2530,+0.00,KOSDAQ
다이나믹디자인,145210,224,+0.00,KOSPI
다이나믹솔루션,290660,1159,+1.13,KOSDAQ
달바글로벌,483650,223500,-1.11,KOSPI
닷밀,464580,2235,+5.42,KOSDAQ
대교,019680,1497,-0.40,KOSPI
대교우B,019685,1050,-0.57,KOSPI
대구백화점,006370,5980,+4.91,KOSPI
대덕,008060,16400,-1.50,KOSPI
대덕1우,00806K,11600,+1.49,KOSPI
대덕전자,353200,114400,+1.42,KOSPI
대덕전자1우,35320K,26250,+3.96,KOSPI
대동,000490,10610,+4.74,KOSPI
대동금속,020400,5500,-3.34,KOSDAQ
대동기어,008830,20600,+1.98,KOSDAQ
대동스틸,048470,3610,-0.41,KOSDAQ
대륙제관,004780,4060,+0.00,KOSDAQ
대림바스,005750,5660,+0.35,KOSPI
대림제지,017650,9550,+0.32,KOSDAQ
대림통상,006570,2020,+0.50,KOSPI
대명에너지,389260,23900,-1.44,KOSDAQ
대모,317850,9030,+0.56,KOSDAQ
대보마그네틱,290670,12210,-1.13,KOSDAQ
대봉엘에스,078140,10630,-2.30,KOSDAQ
대산F&B,065150,145,+0.00,KOSDAQ
대상,001680,20450,-1.21,KOSPI
대상우,001685,16750,-0.83,KOSPI
대상홀딩스,084690,9420,-1.26,KOSPI
대상홀딩스우,084695,14300,-0.69,KOSPI
대성미생물,036480,7360,-1.74,KOSDAQ
대성산업,128820,7170,+1.27,KOSPI
대성에너지,117580,8910,-3.05,KOSPI
대성창투,027830,1580,+0.38,KOSDAQ
대성하이텍,129920,10600,-0.38,KOSDAQ
대성홀딩스,016710,8540,-1.16,KOSPI
대신밸런스제17호스팩,471050,2115,-0.24,KOSDAQ
대신밸런스제19호스팩,482690,2160,+1.17,KOSDAQ
대신밸류리츠,0030R0,4340,+0.35,KOSPI
대신정보통신,020180,1192,-3.17,KOSDAQ
대신증권,003540,39950,+5.27,KOSPI
대신증권2우B,003547,22850,+1.56,KOSPI
대신증권우,003545,23950,+1.05,KOSPI
대아티아이,045390,4810,+5.71,KOSDAQ
대양금속,009190,1539,+0.20,KOSPI
대양전기공업,108380,31500,+0.96,KOSDAQ
대영포장,014160,1177,-1.51,KOSPI
대우건설,047040,32150,-8.14,KOSPI
대웅,003090,22400,-0.67,KOSPI
대웅제약,069620,147700,-0.40,KOSPI
대원,007680,4325,-0.23,KOSDAQ
대원강업,000430,4360,-0.11,KOSPI
대원미디어,048910,7650,-0.65,KOSDAQ
대원산업,005710,13710,-0.58,KOSDAQ
대원전선,006340,17350,+15.28,KOSPI
대원전선우,006345,12920,+29.98,KOSPI
대원제약,003220,10540,-1.68,KOSPI
대원화성,024890,906,+0.00,KOSPI
대정화금,120240,13410,-3.39,KOSDAQ
대주산업,003310,3440,-0.43,KOSDAQ
대주전자재료,078600,157500,-0.63,KOSDAQ
대진첨단소재,393970,2825,+0.00,KOSDAQ
대창,012800,1761,+6.73,KOSPI
대창단조,015230,7300,+2.96,KOSPI
대창솔루션,096350,3100,+1.81,KOSDAQ
대창스틸,140520,2300,-1.71,KOSDAQ
대한과학,131220,4745,+0.00,KOSDAQ
대한광통신,010170,17700,+16.83,KOSDAQ
대한뉴팜,054670,6970,-1.97,KOSDAQ
대한방직,001070,6910,-1.29,KOSPI
대한약품,023910,28500,-0.52,KOSDAQ
대한유화,006650,179900,-0.66,KOSPI
대한전선,001440,60700,+7.82,KOSPI
대한제강,084010,12410,-1.97,KOSPI
대한제당,001790,2890,-0.69,KOSPI
대한제당우,001795,2470,-0.20,KOSPI
대한제분,001130,156500,+0.00,KOSPI
대한조선,439260,89500,+0.00,KOSPI
대한항공,003490,24500,-0.20,KOSPI
대한항공우,003495,23550,+0.00,KOSPI
대한해운,005880,2600,+0.19,KOSPI
대한화섬,003830,122600,-1.37,KOSPI
대현,016090,1838,+4.14,KOSPI
대호에이엘,069460,532,+0.00,KOSPI
대호특수강,021040,1337,-2.41,KOSDAQ
대호특수강우,021045,2800,+0.00,KOSDAQ
대화제약,067080,14670,-0.34,KOSDAQ
더네이쳐홀딩스,298540,8090,+1.25,KOSDAQ
더라미,032860,1314,-3.60,KOSDAQ
더본코리아,475560,20850,-0.24,KOSPI
더블유게임즈,192080,61300,+0.33,KOSPI
더블유씨피,393890,19700,+0.92,KOSDAQ
더블유에스아이,299170,2320,-4.72,KOSDAQ
더존비즈온,012510,120000,+0.00,KOSPI
더즌,462860,3665,+1.10,KOSDAQ
더코디,224060,6020,+2.91,KOSDAQ
더테크놀로지,043090,1140,+0.00,KOSDAQ
더핑크퐁컴퍼니,403850,17120,-2.00,KOSDAQ
덕산네오룩스,213420,53000,+4.95,KOSDAQ
덕산테코피아,317330,25100,+4.58,KOSDAQ
덕산하이메탈,077360,19590,+6.70,KOSDAQ
덕성,004830,4805,-3.03,KOSPI
덕성우,004835,6980,+1.75,KOSPI
덕신이피씨,090410,1292,-1.60,KOSDAQ
덕양에너젠,0001A0,19900,+5.74,KOSDAQ
덕우전자,263600,6250,-3.25,KOSDAQ
데브시스터즈,194480,22400,-1.10,KOSDAQ
데이원컴퍼니,373160,4920,-1.80,KOSDAQ
데이타솔루션,263800,5410,+0.74,KOSDAQ
덱스터,206560,2600,-4.06,KOSDAQ
덴티스,261200,3850,-3.02,KOSDAQ
덴티움,145720,52800,-0.94,KOSPI
도우인시스,484120,23100,-0.43,KOSDAQ
도이치모터스,067990,5280,-5.88,KOSDAQ
도화엔지니어링,002150,6940,-2.53,KOSPI
동구바이오제약,006620,5070,-1.55,KOSDAQ
동국S&C,100130,2545,-4.14,KOSDAQ
동국산업,005160,3755,+3.59,KOSDAQ
동국생명과학,303810,3415,-1.30,KOSDAQ
동국씨엠,460850,6690,-2.05,KOSPI
동국알앤에스,075970,2380,-1.24,KOSDAQ
동국제강,460860,14710,-4.42,KOSPI
동국제약,086450,23750,-0.63,KOSDAQ
동국홀딩스,001230,11400,+0.00,KOSPI
동남합성,023450,30900,+2.32,KOSPI
동방,004140,2970,+1.89,KOSPI
동방메디컬,240550,6900,-1.29,KOSDAQ
동방선기,099410,5510,-2.65,KOSDAQ
동방아그로,007590,6140,+1.32,KOSPI
동부건설,005960,9540,-0.93,KOSPI
동부건설우,005965,19850,-0.75,KOSPI
동서,026960,26200,-1.87,KOSPI
동성제약,002210,973,+0.00,KOSPI
동성케미컬,102260,4370,-0.68,KOSPI
동성화인텍,033500,29250,+0.86,KOSDAQ
동신건설,025950,16120,-2.30,KOSDAQ
동아쏘시오홀딩스,000640,98500,+0.61,KOSPI
동아에스티,170900,43600,-1.58,KOSPI
동아엘텍,088130,11240,+1.26,KOSDAQ
동아지질,028100,18520,+2.89,KOSPI
동양,001520,803,-0.12,KOSPI
동양2우B,001527,7490,+0.00,KOSPI
동양고속,084670,37500,-0.79,KOSPI
동양생명,082640,8250,-0.72,KOSPI
동양에스텍,060380,1607,-1.47,KOSDAQ
동양우,001525,4360,-1.13,KOSPI
동양이엔피,079960,35600,+4.71,KOSDAQ
동양파일,228340,2180,-0.23,KOSDAQ
동우팜투테이블,088910,2625,+3.35,KOSDAQ
동운아나텍,094170,48650,-5.35,KOSDAQ
동원개발,013120,2865,+0.00,KOSDAQ
동원금속,018500,1903,+2.09,KOSPI
동원산업,006040,38550,+0.00,KOSPI
동원수산,030720,7620,+8.86,KOSPI
동원시스템즈,014820,27600,-1.78,KOSPI
동원시스템즈우,014825,16700,+0.18,KOSPI
동인기연,111380,14180,-2.21,KOSPI
동일고무벨트,163560,7550,+0.13,KOSPI
동일금속,109860,7520,+0.80,KOSDAQ
동일기연,032960,14430,+1.26,KOSDAQ
동일산업,004890,39350,-1.01,KOSPI
동일스틸럭스,023790,1249,+0.00,KOSDAQ
동일제강,002690,1715,-0.81,KOSPI
동진쎄미켐,005290,58900,+4.06,KOSDAQ
동화기업,025900,11860,+2.24,KOSDAQ
동화약품,000020,6000,-0.99,KOSPI
두산,000150,1705000,+6.83,KOSPI
두산2우B,000157,601000,+6.56,KOSPI
두산로보틱스,454910,107800,-2.18,KOSPI
두산밥캣,241560,74000,+2.78,KOSPI
두산에너빌리티,034020,127200,+0.08,KOSPI
두산우,000155,682000,+5.74,KOSPI
두산테스나,131970,132100,+1.07,KOSDAQ
두산퓨얼셀,336260,60600,-0.33,KOSPI
두산퓨얼셀1우,33626K,10030,+1.42,KOSPI
두산퓨얼셀2우B,33626L,11320,+0.00,KOSPI
두올,016740,4780,-8.08,KOSPI
듀오백,073190,1245,-4.23,KOSDAQ
듀켐바이오,176750,8970,-0.77,KOSDAQ
드래곤플라이,030350,973,+0.00,KOSDAQ
드림시큐리티,203650,2890,+5.47,KOSDAQ
드림씨아이에스,223250,4885,-1.31,KOSDAQ
드림어스컴퍼니,060570,1192,-3.64,KOSDAQ
드림인사이트,362990,1770,+0.28,KOSDAQ
드림텍,192650,6790,+1.19,KOSPI
디모아,016670,3885,-0.38,KOSDAQ
디바이스,187870,19320,-4.36,KOSDAQ
디비금융제13호스팩,489730,2060,+0.24,KOSDAQ
디비금융제14호스팩,0004Y0,2025,-0.25,KOSDAQ
디씨엠,024090,12420,-0.64,KOSPI
디아이,003160,33800,+1.65,KOSPI
디아이씨,092200,7460,-1.71,KOSPI
디아이티,110990,25550,+2.40,KOSDAQ
디알젬,263690,5770,+0.17,KOSDAQ
디알텍,214680,1846,-2.84,KOSDAQ
디앤디파마텍,347850,74900,+0.94,KOSDAQ
디앤디플랫폼리츠,377190,3085,-4.04,KOSPI
디앤씨미디어,263720,12120,-1.14,KOSDAQ
디어유,376300,32450,+0.62,KOSDAQ
디에스엠,104040,677,+0.00,KOSDAQ
디에스케이,109740,5840,-2.01,KOSDAQ
디에이치엑스컴퍼니,031860,693,+0.00,KOSDAQ
디에이테크놀로지,196490,203,+0.00,KOSDAQ
디에이피,066900,1713,+4.20,KOSDAQ
디엔에프,092070,23750,+0.42,KOSDAQ
디오,039840,17050,-1.22,KOSDAQ
디와이,013570,5280,+0.19,KOSPI
디와이덕양,024900,2280,-3.59,KOSPI
디와이디,219550,1797,-4.57,KOSDAQ
디와이씨,310870,1575,-2.66,KOSDAQ
디와이에이,002880,974,-2.40,KOSPI
디와이파워,210540,16300,+5.50,KOSPI
디와이피엔에프,104460,14980,-0.73,KOSDAQ
디젠스,113810,711,-1.11,KOSDAQ
디지아이,043360,2605,-1.33,KOSDAQ
디지캡,197140,2040,+0.25,KOSDAQ
디지털대성,068930,8230,-0.60,KOSDAQ
디지틀조선,033130,2720,-1.45,KOSDAQ
디케이락,105740,10750,-0.46,KOSDAQ
디케이앤디,263020,3635,-3.58,KOSDAQ
디케이티,290550,26550,+4.32,KOSDAQ
디티씨,066670,2805,-3.94,KOSDAQ
디티앤씨,187220,3230,+2.22,KOSDAQ
디티앤씨알오,383930,3560,+2.01,KOSDAQ
딜리,131180,941,+0.00,KOSDAQ
딥노이드,315640,3630,+0.83,KOSDAQ
라닉스,317120,2520,+1.82,KOSDAQ
라메디텍,462510,4810,-2.24,KOSDAQ
라온로보틱스,232680,17210,+3.43,KOSDAQ
라온시큐어,042510,13120,+4.46,KOSDAQ
라온텍,418420,7280,+9.47,KOSDAQ
라온피플,300120,1100,+8.16,KOSDAQ
라이온켐텍,171120,2550,-0.39,KOSDAQ
라이콤,388790,5470,+4.99,KOSDAQ
라파스,214260,9250,-2.63,KOSDAQ
램테크놀러지,171010,3735,+0.13,KOSDAQ
랩지노믹스,084650,1277,-3.84,KOSDAQ
러셀,217500,2865,+1.06,KOSDAQ
레드캡투어,038390,11310,-1.82,KOSDAQ
레몬,294140,3375,-0.88,KOSDAQ
레뷰코퍼레이션,443250,7610,-4.52,KOSDAQ
레이,228670,8580,-2.61,KOSDAQ
레이언스,228850,6170,-0.32,KOSDAQ
레이저쎌,412350,7660,-3.28,KOSDAQ
레이저옵텍,199550,5500,+1.29,KOSDAQ
레이크머티리얼즈,281740,22850,-0.65,KOSDAQ
레인보우로보틱스,277810,685000,+3.16,KOSDAQ
로보로보,215100,7700,-1.41,KOSDAQ
로보스타,090360,71600,-1.78,KOSDAQ
로보티즈,108490,313500,-0.95,KOSDAQ
로스웰,900260,1644,+1.48,KOSDAQ
로젠,033290,1998,-1.09,KOSDAQ
로지시스,067730,3230,-1.07,KOSDAQ
로체시스템즈,071280,9450,-0.11,KOSDAQ
로킷헬스케어,376900,71500,-6.54,KOSDAQ
롤링스톤,214610,2290,+0.00,KOSDAQ
롯데관광개발,032350,20850,+0.72,KOSPI
롯데렌탈,089860,33000,-1.93,KOSPI
롯데리츠,330590,4270,-3.83,KOSPI
롯데손해보험,000400,2195,+3.78,KOSPI
롯데쇼핑,023530,138500,+2.37,KOSPI
롯데에너지머티리얼즈,020150,78500,+17.69,KOSPI
롯데웰푸드,280360,121200,+0.08,KOSPI
롯데이노베이트,286940,22900,-0.87,KOSPI
롯데정밀화학,004000,66600,-4.03,KOSPI
롯데지주,004990,30050,-1.64,KOSPI
롯데지주우,00499K,29800,+0.51,KOSPI
롯데칠성,005300,126400,+3.27,KOSPI
롯데칠성우,005305,81900,+1.99,KOSPI
롯데케미칼,011170,106200,-6.76,KOSPI
롯데하이마트,071840,7890,-1.50,KOSPI
루닛,328130,20800,+0.24,KOSDAQ
루멘스,038060,1220,+3.39,KOSDAQ
루미르,474170,16270,+0.37,KOSDAQ
리가켐바이오,141080,181500,-1.04,KOSDAQ
리노공업,058470,120800,+1.26,KOSDAQ
리더스코스메틱,016100,1845,-0.27,KOSDAQ
리드코프,012700,3685,-3.28,KOSDAQ
리메드,302550,3090,+0.16,KOSDAQ
리브스메드,491000,69800,-1.97,KOSDAQ
리센스메디컬,394420,31250,-2.34,KOSDAQ
리튬포어스,073570,821,+0.00,KOSDAQ
리파인,377450,12560,-1.10,KOSDAQ
린드먼아시아,277070,4255,-0.58,KOSDAQ
링네트,042500,5930,-1.33,KOSDAQ
링크드,193250,396,+0.00,KOSDAQ
링크솔루션,474650,59400,+0.00,KOSDAQ
링크제니시스,219420,5110,+0.59,KOSDAQ
마녀공장,439090,15780,-1.00,KOSDAQ
마니커,027740,821,+0.00,KOSPI
마니커에프앤지,195500,2835,-1.39,KOSDAQ
마스턴프리미어리츠,357430,1225,-1.61,KOSPI
마음AI,377480,15780,-0.44,KOSDAQ
마이크로디지탈,305090,6130,-0.97,KOSDAQ
마이크로컨텍솔,098120,35950,-3.88,KOSDAQ
마이크로투나노,424980,14200,+3.95,KOSDAQ
마크로젠,038290,16220,+0.00,KOSDAQ
만호제강,001080,5160,-2.64,KOSPI
매일유업,267980,36400,+0.28,KOSDAQ
매일홀딩스,005990,11340,+1.80,KOSDAQ
매커스,093520,26500,+0.38,KOSDAQ
맥쿼리인프라,088980,11300,-0.44,KOSPI
맵스리얼티,094800,7000,-6.54,KOSPI
머큐리,100590,7410,+19.52,KOSDAQ
멀티캠퍼스,067280,27700,-5.78,KOSDAQ
메가스터디,072870,13220,-2.22,KOSDAQ
메가스터디교육,215200,46800,-1.27,KOSDAQ
메가엠디,133750,1864,-0.43,KOSDAQ
메가터치,446540,7390,+3.50,KOSDAQ
메드팩토,235980,5250,+2.54,KOSDAQ
메디아나,041920,20950,-0.24,KOSDAQ
메디앙스,014100,1800,+1.81,KOSDAQ
메디콕스,054180,2295,+0.00,KOSDAQ
메디톡스,086900,105500,+0.00,KOSDAQ
메디포스트,078160,25450,-8.78,KOSDAQ
메리츠금융지주,138040,113400,+1.52,KOSPI
메리츠제1호스팩,0088D0,2180,+0.69,KOSDAQ
메쎄이상,408920,3565,-1.66,KOSDAQ
메이슨캐피탈,021880,181,-6.22,KOSDAQ
메쥬,0088M0,39000,-8.56,KOSDAQ
메지온,140410,91200,+3.99,KOSDAQ
메카로,241770,36850,+0.96,KOSDAQ
메타랩스,090370,1457,-0.27,KOSPI
메타바이오메드,059210,4385,-0.79,KOSDAQ
메타케어,118000,208,+0.00,KOSPI
멕아이씨에스,058110,2730,-1.80,KOSDAQ
멤레이비티,072770,707,+0.00,KOSDAQ
명문제약,017180,1776,-0.67,KOSPI
명신산업,009900,13280,-0.15,KOSPI
명인제약,317450,56000,+0.36,KOSPI
모나리자,012690,2395,+1.27,KOSPI
모나미,005360,1705,-1.33,KOSPI
모나용평,070960,3120,+0.00,KOSPI
모니터랩,434480,4235,+1.32,KOSDAQ
모다이노칩,080420,2010,+0.00,KOSDAQ
모델솔루션,417970,18850,+1.56,KOSDAQ
모두투어,080160,11410,+0.18,KOSDAQ
모바일어플라이언스,087260,2340,+3.77,KOSDAQ
모베이스,101330,4730,-0.32,KOSDAQ
모베이스전자,012860,3920,+2.62,KOSDAQ
모비데이즈,363260,1505,+1.01,KOSDAQ
모비릭스,348030,2370,-4.44,KOSDAQ
모비스,250060,4820,+4.44,KOSDAQ
모아데이타,288980,1210,-11.42,KOSDAQ
모아라이프플러스,142760,793,-7.68,KOSDAQ
모아텍,033200,3965,+0.38,KOSDAQ
모토닉,009680,10970,-0.45,KOSPI
모트렉스,118990,9200,+1.88,KOSDAQ
모티브링크,463480,9100,+4.36,KOSDAQ
모헨즈,006920,5030,+2.34,KOSDAQ
무림P&P,009580,2995,-1.16,KOSPI
무림SP,001810,1686,-0.77,KOSDAQ
무림페이퍼,009200,2030,-0.73,KOSPI
무학,033920,8830,-0.79,KOSPI
문배철강,008420,2985,+2.93,KOSPI
미디어젠,279600,5760,-1.20,KOSDAQ
미래나노텍,095500,10670,+2.40,KOSDAQ
미래반도체,254490,29250,+25.27,KOSDAQ
미래산업,025560,16000,+3.56,KOSPI
미래생명자원,218150,3255,-0.91,KOSDAQ
미래아이앤지,007120,1873,-3.25,KOSPI
미래에셋글로벌리츠,396690,2035,-7.08,KOSPI
미래에셋맵스리츠,357250,2290,-4.18,KOSPI
미래에셋벤처투자,100790,52600,+0.38,KOSDAQ
미래에셋비전스팩10호,0097F0,1998,+0.00,KOSDAQ
미래에셋비전스팩11호,0099W0,2000,-0.25,KOSDAQ
미래에셋비전스팩4호,477380,2060,+0.00,KOSDAQ
미래에셋비전스팩5호,477470,2110,-0.24,KOSDAQ
미래에셋비전스팩6호,478440,2040,+0.25,KOSDAQ
미래에셋비전스팩7호,482680,2030,+0.00,KOSDAQ
미래에셋비전스팩8호,0093G0,1997,-0.05,KOSDAQ
미래에셋비전스팩9호,0096D0,1999,-0.05,KOSDAQ
미래에셋생명,085620,16440,+3.20,KOSPI
미래에셋증권,006800,70300,+8.49,KOSPI
미래에셋증권2우B,00680K,20550,+5.33,KOSPI
미래에셋증권우,006805,22550,+6.62,KOSPI
미래컴퍼니,049950,16320,+0.74,KOSDAQ
미스터블루,207760,1003,-2.15,KOSDAQ
미스토홀딩스,081660,40350,-0.62,KOSPI
미원상사,002840,151900,+0.07,KOSPI
미원에스씨,268280,120300,-1.80,KOSPI
미원홀딩스,107590,62500,-1.26,KOSPI
미원화학,134380,12890,+0.55,KOSPI
미창석유,003650,121800,-2.64,KOSPI
미코,059090,26100,+15.23,KOSDAQ
미투온,201490,3185,+0.47,KOSDAQ
미트박스,475460,8270,-0.84,KOSDAQ
민테크,452200,2870,+3.80,KOSDAQ
바디텍메드,206640,11550,-1.20,KOSDAQ
바른손,018700,561,+0.00,KOSDAQ
바른손이앤에이,035620,243,+0.00,KOSDAQ
바이넥스,053030,10990,-0.27,KOSDAQ
바이브컴퍼니,301300,2710,-2.17,KOSDAQ
바이오노트,377740,5050,-1.17,KOSPI
바이오니아,064550,10230,-2.94,KOSDAQ
바이오다인,314930,11500,-1.37,KOSDAQ
바이오비쥬,489460,8300,-0.84,KOSDAQ
바이오솔루션,086820,11410,-4.84,KOSDAQ
바이오스마트,038460,4545,+2.13,KOSDAQ
바이오에프디엔씨,251120,13810,-3.49,KOSDAQ
바이오인프라,199730,4145,-0.84,KOSDAQ
바이오톡스텍,086040,3300,-0.75,KOSDAQ
바이오포트,188040,6280,-3.38,KOSDAQ
바이오플러스,099430,5870,+1.56,KOSDAQ
바이온,032980,604,+0.00,KOSDAQ
바이젠셀,308080,10330,-5.14,KOSDAQ
바텍,043150,23300,+1.30,KOSDAQ
박셀바이오,323990,7240,-3.21,KOSDAQ
방림,003610,5840,+2.10,KOSPI
배럴,267790,3495,-0.71,KOSDAQ
백금T&A,046310,3200,-2.14,KOSDAQ
백산,035150,12270,-1.05,KOSPI
밸로프,331520,2615,+0.00,KOSDAQ
뱅크웨어글로벌,199480,5040,-1.18,KOSDAQ
버넥트,438700,3345,-0.45,KOSDAQ
버킷스튜디오,066410,1153,+0.00,KOSDAQ
범양건영,002410,1935,+0.00,KOSPI
범한퓨얼셀,382900,35900,+1.84,KOSDAQ
베노티앤알,206400,1298,+0.78,KOSDAQ
베뉴지,019010,4915,+0.41,KOSDAQ
베셀,177350,1038,-0.10,KOSDAQ
벡트,457600,2180,-3.54,KOSDAQ
벨로크,424760,1887,+0.00,KOSDAQ
벽산,007210,2180,-0.91,KOSPI
보라티알,250000,7730,-0.26,KOSDAQ
보락,002760,1127,-1.74,KOSPI
보령,003850,10010,+0.70,KOSPI
보로노이,310210,292000,+2.82,KOSDAQ
보성파워텍,006910,14350,+18.79,KOSDAQ
보원케미칼,0010F0,5970,-0.67,KOSDAQ
보해양조,000890,422,+0.00,KOSPI
본느,226340,647,+0.00,KOSDAQ
부광약품,003000,6290,-0.47,KOSPI
부국증권,001270,76400,+4.66,KOSPI
부국증권우,001275,36400,+0.55,KOSPI
부국철강,026940,2910,+0.34,KOSPI
부방,014470,1454,-0.14,KOSDAQ
부산산업,011390,76800,+3.64,KOSPI
부산주공,005030,486,+0.00,KOSPI
부스타,008470,3880,+0.26,KOSDAQ
뷰노,338220,17250,-9.02,KOSDAQ
뷰웍스,100120,27400,+0.92,KOSDAQ
뷰티스킨,406820,3145,+4.66,KOSDAQ
브레인즈컴퍼니,099390,4560,-3.18,KOSDAQ
브리지텍,064480,4290,-1.15,KOSDAQ
브이씨,365900,3120,-0.16,KOSDAQ
브이엠,089970,55900,+4.68,KOSDAQ
브이원텍,251630,6240,+0.32,KOSDAQ
브이티,018290,16730,-1.36,KOSDAQ
블랙야크아이앤씨,478560,3490,-3.06,KOSDAQ
블루산업개발,006740,589,-3.44,KOSPI
블루엠텍,439580,3260,-1.81,KOSDAQ
블루콤,033560,3405,-2.58,KOSDAQ
블리츠웨이엔터테인먼트,369370,1162,-0.68,KOSDAQ
비나텍,126340,184700,+5.18,KOSDAQ
비덴트,121800,3320,+0.00,KOSDAQ
비보존 제약,082800,3190,-1.24,KOSDAQ
비비씨,318410,7550,+0.67,KOSDAQ
비비안,002070,355,+0.00,KOSPI
비상교육,100220,7400,+5.26,KOSPI
비스토스,419540,877,+0.00,KOSDAQ
비씨엔씨,146320,18150,+1.68,KOSDAQ
비씨월드제약,200780,4410,-0.79,KOSDAQ
비아이매트릭스,413640,8670,-0.34,KOSDAQ
비아트론,141000,11910,+2.76,KOSDAQ
비에이치,090460,31950,-7.39,KOSPI
비에이치아이,083650,99200,+1.74,KOSDAQ
비엔케이제3호스팩,0068Y0,2000,+0.00,KOSDAQ
비엘팜텍,065170,2290,-4.58,KOSDAQ
비엠티,086670,17800,+0.06,KOSDAQ
비유테크놀러지,230980,229,+0.00,KOSDAQ
비츠로넥스텍,488900,19410,+3.96,KOSDAQ
비츠로셀,082920,57500,+0.88,KOSDAQ
비츠로시스,054220,548,+0.00,KOSDAQ
비츠로테크,042370,18280,+7.85,KOSDAQ
비케이홀딩스,050090,773,-2.64,KOSDAQ
비큐AI,148780,1241,-3.42,KOSDAQ
비투엔,307870,1140,-1.47,KOSDAQ
비트맥스,377030,2905,-15.31,KOSDAQ
비트컴퓨터,032850,5430,-1.09,KOSDAQ
비트플래닛,049470,672,+0.00,KOSDAQ
비피도,238200,2835,-0.18,KOSDAQ
빅솔론,093190,8080,-3.46,KOSDAQ
빅텍,065450,5770,-0.52,KOSDAQ
빌리언스,044480,445,+0.00,KOSDAQ
빙그레,005180,74400,-0.80,KOSPI
빛과전자,069540,5210,+2.56,KOSDAQ
빛샘전자,072950,12970,+7.10,KOSDAQ
삐아,451250,8820,-0.68,KOSDAQ
사람인,143240,16880,-1.17,KOSDAQ
사이냅소프트,466410,11720,-0.85,KOSDAQ
사조대림,003960,32250,-1.53,KOSPI
사조동아원,008040,1043,+0.10,KOSPI
사조산업,007160,52900,-0.38,KOSPI
사조씨푸드,014710,8070,-0.62,KOSPI
사조오양,006090,8420,-0.12,KOSPI
사토시홀딩스,223310,2275,+0.00,KOSDAQ
사피엔반도체,452430,43800,+3.06,KOSDAQ
산돌,419120,4005,-0.87,KOSDAQ
산일전기,062040,333500,+25.38,KOSPI
삼기,122350,1508,+0.13,KOSDAQ
삼기에너지솔루션즈,419050,1889,-0.05,KOSDAQ
삼륭물산,014970,7190,-0.96,KOSDAQ
삼립,005610,49500,-0.40,KOSPI
삼목에스폼,018310,18920,+0.42,KOSDAQ
삼미금속,012210,15450,+15.82,KOSDAQ
삼보모터스,053700,5850,-2.82,KOSDAQ
삼보산업,009620,996,+4.40,KOSDAQ
삼보판지,023600,10040,-0.50,KOSDAQ
삼부토건,001470,347,+0.00,KOSPI
삼성E&A,028050,55000,+3.58,KOSPI
삼성FN리츠,448730,5770,-7.09,KOSPI
삼성SDI,006400,705000,+1.44,KOSPI
삼성SDI우,006405,355500,+0.42,KOSPI
삼성공조,006660,13130,+0.31,KOSPI
삼성물산,028260,320000,+7.20,KOSPI
삼성물산우B,02826K,195100,+2.52,KOSPI
삼성바이오로직스,207940,1485000,+1.02,KOSPI
삼성생명,032830,265000,+6.21,KOSPI
삼성스팩10호,0044K0,2035,-0.25,KOSDAQ
삼성스팩11호,0071M0,2010,-0.25,KOSDAQ
삼성스팩12호,0096B0,2005,+0.00,KOSDAQ
삼성스팩13호,0115H0,2015,+0.00,KOSDAQ
삼성에스디에스,018260,166900,+0.42,KOSPI
삼성에피스홀딩스,0126Z0,529000,-2.58,KOSPI
삼성전기,009150,918000,+10.34,KOSPI
삼성전기우,009155,376000,+8.05,KOSPI
삼성전자,005930,232500,+5.44,KOSPI
삼성전자우,005935,169600,+7.14,KOSPI
삼성제약,001360,1992,-1.87,KOSPI
삼성중공업,010140,32250,-0.31,KOSPI
삼성증권,016360,137900,+28.28,KOSPI
삼성출판사,068290,8890,-2.63,KOSPI
삼성카드,029780,52500,-1.50,KOSPI
삼성화재,000810,473500,+2.71,KOSPI
삼성화재우,000815,373000,+0.13,KOSPI
삼아알미늄,006110,66800,-2.91,KOSPI
삼아제약,009300,16580,-0.12,KOSDAQ
삼양바이오팜,0120G0,73600,-2.90,KOSPI
삼양사,145990,47700,-1.04,KOSPI
삼양사우,145995,33650,-0.88,KOSPI
삼양식품,003230,1316000,-1.86,KOSPI
삼양엔씨켐,482630,19720,+2.07,KOSDAQ
삼양컴텍,484590,12930,-0.84,KOSDAQ
삼양케이씨아이,036670,6100,-2.24,KOSDAQ
삼양패키징,272550,11610,-1.19,KOSPI
삼양홀딩스,000070,68200,-2.29,KOSPI
삼영,003720,12500,+10.72,KOSPI
삼영무역,002810,20750,+2.22,KOSPI
삼영에스앤씨,361670,3325,-3.34,KOSDAQ
삼영엠텍,054540,13320,-0.82,KOSDAQ
삼영이엔씨,065570,764,+0.00,KOSDAQ
삼영전자,005680,15750,+2.54,KOSPI
삼원강재,023000,2400,-1.64,KOSPI
삼익THK,004380,11870,+0.17,KOSPI
삼익악기,002450,1234,-1.28,KOSPI
삼익제약,014950,9540,-1.45,KOSDAQ
삼일,032280,1399,+0.07,KOSDAQ
삼일기업공사,002290,4160,-3.03,KOSDAQ
삼일씨엔에스,004440,7660,-6.81,KOSPI
삼일제약,000520,9180,+3.26,KOSPI
삼정펄프,009770,31000,-0.32,KOSPI
삼지전자,037460,34250,+4.74,KOSDAQ
삼진,032750,3590,-0.42,KOSDAQ
삼진식품,0013V0,7360,+0.14,KOSDAQ
삼진엘앤디,054090,1118,-1.76,KOSDAQ
삼진제약,005500,18640,-0.37,KOSPI
삼천당제약,000250,409500,-1.44,KOSDAQ
삼천리,004690,148500,+0.61,KOSPI
삼천리자전거,024950,5120,+0.20,KOSDAQ
삼표시멘트,038500,16290,-3.78,KOSDAQ
삼현,437730,53500,+0.00,KOSDAQ
삼현철강,017480,5020,+0.80,KOSDAQ
삼호개발,010960,3945,-1.25,KOSPI
삼화네트웍스,046390,991,+0.00,KOSDAQ
삼화왕관,004450,28850,-0.69,KOSPI
삼화전기,009470,48600,+0.21,KOSPI
삼화전자,011230,2450,-2.58,KOSPI
삼화콘덴서,001820,68400,+1.79,KOSPI
상보,027580,598,+0.00,KOSDAQ
상상인,038540,2230,+0.00,KOSDAQ
상상인증권,001290,1336,+2.38,KOSPI
상신브레이크,041650,2775,-0.89,KOSPI
상신이디피,091580,27100,+1.88,KOSDAQ
상신전자,263810,3115,-2.50,KOSDAQ
상아프론테크,089980,28050,+2.19,KOSDAQ
상지건설,042940,10360,-1.61,KOSDAQ
새로닉스,042600,21600,+6.93,KOSDAQ
새론오토모티브,075180,3015,-0.82,KOSPI
새빗켐,107600,31500,+2.61,KOSDAQ
샌즈랩,411080,8240,+0.12,KOSDAQ
샘씨엔에스,252990,14130,-0.91,KOSDAQ
샘표,007540,51100,-1.35,KOSPI
샘표식품,248170,27200,-0.18,KOSPI
샤페론,378800,1877,+0.05,KOSDAQ
서남,294630,4670,+2.64,KOSDAQ
서린바이오,038070,6310,-0.47,KOSDAQ
서부T&D,006730,14960,-0.07,KOSDAQ
서산,079650,1285,-1.15,KOSDAQ
서암기계공업,100660,4520,-0.55,KOSDAQ
서연,007860,9480,+0.21,KOSPI
서연이화,200880,14310,+1.42,KOSPI
서연탑메탈,019770,4205,+1.20,KOSDAQ
서울가스,017390,64300,-1.68,KOSPI
서울바이오시스,092190,11230,+29.98,KOSDAQ
서울반도체,046890,17930,+8.60,KOSDAQ
서울보증보험,031210,47150,-1.36,KOSPI
서울식품,004410,158,+0.00,KOSPI
서울식품우,004415,1193,+0.00,KOSPI
서울옥션,063170,7060,+2.62,KOSDAQ
서울전자통신,027040,480,+0.00,KOSDAQ
서울제약,018680,2820,-0.70,KOSDAQ
서울평가정보,036120,1969,+0.15,KOSDAQ
서원,021050,1849,+19.29,KOSPI
서원인텍,093920,5220,+0.19,KOSDAQ
서전기전,189860,8900,+29.93,KOSDAQ
서진시스템,178320,61300,+3.03,KOSDAQ
서진오토모티브,122690,2340,-4.29,KOSDAQ
서플러스글로벌,140070,2600,-0.38,KOSDAQ
서한,011370,1073,-1.20,KOSDAQ
서호전기,065710,45950,-0.54,KOSDAQ
서흥,008490,20150,+0.50,KOSPI
서희건설,035890,3350,+4.69,KOSDAQ
석경에이티,357550,58000,+1.40,KOSDAQ
선광,003100,27550,+15.51,KOSDAQ
선도전기,007610,10980,+29.94,KOSPI
선바이오,067370,7960,-3.86,KOSDAQ
선샤인푸드,217620,40,-34.43,KOSDAQ
선익시스템,171090,98500,-3.90,KOSDAQ
선진,136490,11220,+4.66,KOSPI
선진뷰티사이언스,086710,10860,-1.54,KOSDAQ
성광벤드,014620,46500,+0.22,KOSDAQ
성도이엔지,037350,13260,-0.23,KOSDAQ
성문전자,014910,1908,+1.60,KOSPI
성문전자우,014915,4480,+1.36,KOSPI
성신양회,004980,11530,+0.87,KOSPI
성신양회우,004985,11800,+1.29,KOSPI
성우,458650,14120,+2.32,KOSDAQ
성우전자,081580,3210,-1.83,KOSDAQ
성우테크론,045300,3265,+2.19,KOSDAQ
성우하이텍,015750,9050,+1.80,KOSDAQ
성일하이텍,365340,79800,-2.92,KOSDAQ
성창기업지주,000180,7150,-0.69,KOSPI
성창오토텍,080470,4290,-0.12,KOSDAQ
성호전자,043260,43450,+6.23,KOSDAQ
세경하이테크,148150,4820,+0.63,KOSDAQ
세기상사,002420,5380,-0.92,KOSPI
세나테크놀로지,061090,42400,-0.35,KOSDAQ
세니젠,188260,2110,+1.93,KOSDAQ
세동,053060,1329,+6.15,KOSDAQ
세림B&G,340440,2355,-6.18,KOSDAQ
세명전기,017510,15770,+8.76,KOSDAQ
세미파이브,490470,48800,+14.96,KOSDAQ
세방,004360,16350,+2.64,KOSPI
세방우,004365,10420,+1.07,KOSPI
세방전지,004490,67100,+1.67,KOSPI
세보엠이씨,011560,22650,-3.62,KOSDAQ
세아메카닉스,396300,6510,+10.34,KOSDAQ
세아베스틸지주,001430,71800,-4.90,KOSPI
세아제강,306200,179800,+1.35,KOSPI
세아제강지주,003030,229000,-4.58,KOSPI
세아홀딩스,058650,160900,-0.86,KOSPI
세우글로벌,013000,1293,+3.11,KOSPI
세운메디칼,100700,2835,-0.18,KOSDAQ
세원물산,024830,11300,+0.44,KOSDAQ
세원정공,021820,15410,+1.05,KOSPI
세이브존I&C,067830,3215,+1.26,KOSPI
세종메디칼,258830,412,+0.00,KOSDAQ
세종텔레콤,036630,9830,-2.19,KOSDAQ
세중,039310,1665,-6.46,KOSDAQ
세진중공업,075580,20300,-1.22,KOSPI
세진티에스,067770,2320,+4.27,KOSDAQ
세코닉스,053450,5620,+0.00,KOSDAQ
세화피앤씨,252500,829,-0.72,KOSDAQ
센서뷰,321370,3565,+17.66,KOSDAQ
센코,347000,2410,+0.21,KOSDAQ
셀레믹스,331920,14250,-4.94,KOSDAQ
셀레스트라,352770,5250,+0.00,KOSDAQ
셀로맥스사이언스,471820,5210,-0.19,KOSDAQ
셀루메드,049180,1009,+0.00,KOSDAQ
셀리드,299660,3205,+0.79,KOSDAQ
셀바스AI,108860,13040,-0.76,KOSDAQ
셀바스헬스케어,208370,4250,-2.07,KOSDAQ
셀바이오휴먼텍,318160,8080,+5.62,KOSDAQ
셀비온,308430,35950,-0.83,KOSDAQ
셀트리온,068270,197800,-1.35,KOSPI
셀트리온제약,068760,55600,-0.89,KOSDAQ
셀피글로벌,068940,778,+0.00,KOSDAQ
소노스퀘어,007720,424,+4.43,KOSDAQ
소룩스,290690,3625,-3.85,KOSDAQ
소마젠,950200,3535,-2.48,KOSDAQ
소프트센,032680,268,+0.00,KOSDAQ
소프트센우,032685,6270,+0.00,KOSDAQ
소프트캠프,258790,1718,+0.00,KOSDAQ
손오공,066910,680,+0.00,KOSDAQ
솔디펜스,215090,2955,-1.50,KOSDAQ
솔루스첨단소재,336370,13660,+4.35,KOSPI
솔루스첨단소재1우,33637K,2655,+2.12,KOSPI
솔루스첨단소재2우B,33637L,3675,+0.82,KOSPI
솔루엠,248070,20850,+7.47,KOSPI
솔본,035610,3800,+0.40,KOSDAQ
솔브레인,357780,458500,+0.11,KOSDAQ
솔브레인홀딩스,036830,71900,-1.51,KOSDAQ
솔트룩스,304100,23050,-1.50,KOSDAQ
솔트웨어,328380,885,+0.00,KOSDAQ
송원산업,004430,15750,-0.63,KOSPI
쇼박스,086980,2960,-1.00,KOSDAQ
수산세보틱스,017550,3080,-0.96,KOSPI
수산아이앤티,050960,9500,-0.42,KOSDAQ
수산인더스트리,126720,35700,+4.85,KOSPI
수성웹툰,084180,1216,+2.10,KOSDAQ
수젠텍,253840,5530,-0.90,KOSDAQ
슈어소프트테크,298830,7790,+3.87,KOSDAQ
슈프리마,236200,54400,-2.51,KOSDAQ
슈프리마에이치큐,094840,11500,+1.32,KOSDAQ
슈피겐코리아,192440,26900,+0.56,KOSDAQ
스마트레이더시스템,424960,7040,+3.38,KOSDAQ
스맥,099440,4305,-2.82,KOSDAQ
스모트로닉,066590,2770,+0.36,KOSDAQ
스카이라이프,053210,4890,-0.71,KOSPI
스코넥,276040,327,+0.00,KOSDAQ
스타에스엠리츠,204210,2035,+0.00,KOSPI
스타코링크,060240,1976,+0.00,KOSDAQ
스타플렉스,115570,3155,+3.95,KOSDAQ
스테이지원엔터,078860,3960,-2.58,KOSDAQ
스톤브릿지벤처스,330730,6680,+3.89,KOSDAQ
스톰테크,352090,3810,-1.42,KOSDAQ
스튜디오드래곤,253450,34800,-0.14,KOSDAQ
스튜디오미르,408900,2610,-1.14,KOSDAQ
스튜디오삼익,415380,2225,+2.53,KOSDAQ
스틱인베스트먼트,026890,9970,-1.48,KOSPI
스페코,013810,2910,-0.85,KOSDAQ
스피어,347700,41450,-1.78,KOSDAQ
승일,049830,7460,-0.40,KOSDAQ
시공테크,020710,4925,+0.41,KOSDAQ
시그네틱스,033170,893,+1.94,KOSDAQ
시너지이노베이션,048870,2045,-2.62,KOSDAQ
시노펙스,025320,6030,+1.52,KOSDAQ
시디즈,134790,19340,+0.05,KOSPI
시선AI,340810,3235,-3.00,KOSDAQ
시스웍,269620,889,+0.00,KOSDAQ
시지메드텍,056090,1874,-1.58,KOSDAQ
시지트로닉스,429270,7610,+0.26,KOSDAQ
시큐레터,418250,6550,+0.00,KOSDAQ
시큐브,131090,4285,+2.02,KOSDAQ
시프트업,462870,33350,+2.46,KOSPI
신대양제지,016590,12730,-2.45,KOSPI
신도기연,290520,2630,-3.49,KOSDAQ
신도리코,029530,49750,-0.40,KOSPI
신라교역,004970,9600,-0.83,KOSPI
신라섬유,001000,1638,-2.33,KOSDAQ
신라에스지,025870,4450,+0.23,KOSDAQ
신라젠,215600,3390,-3.00,KOSDAQ
신성델타테크,065350,58000,+0.00,KOSDAQ
신성에스티,416180,38250,+3.10,KOSDAQ
신성이엔지,011930,3995,+0.00,KOSPI
신세계,004170,410500,+0.86,KOSPI
신세계 I&C,035510,20800,-1.42,KOSPI
신세계인터내셔날,031430,14860,-0.07,KOSPI
신세계푸드,031440,51600,-1.34,KOSPI
신송홀딩스,006880,7190,-1.64,KOSPI
신스틸,162300,1975,-3.66,KOSDAQ
신신제약,002800,5830,-0.51,KOSDAQ
신영스팩10호,472220,2140,+0.00,KOSDAQ
신영스팩11호,0091W0,2085,+0.24,KOSDAQ
신영와코루,005800,15100,+0.13,KOSPI
신영증권,001720,206500,+4.77,KOSPI
신원,009270,1418,+2.46,KOSPI
신원종합개발,017000,3070,-2.07,KOSDAQ
신일전자,002700,1465,-0.61,KOSPI
신일제약,012790,6160,-1.91,KOSDAQ
신진에스엠,138070,1922,-2.24,KOSDAQ
신테카바이오,226330,3180,+0.32,KOSDAQ
신풍,002870,1115,-1.15,KOSPI
신풍제약,019170,11440,-2.14,KOSPI
신풍제약우,019175,18950,-0.26,KOSPI
신한글로벌액티브리츠,481850,1124,-1.23,KOSPI
신한서부티엔디리츠,404990,4440,-5.23,KOSPI
신한알파리츠,293940,5870,-2.98,KOSPI
신한제11호스팩,452980,2110,+0.00,KOSDAQ
신한제12호스팩,474660,2055,+0.00,KOSDAQ
신한제13호스팩,474930,2115,-0.47,KOSDAQ
신한제14호스팩,487360,2025,+0.25,KOSDAQ
신한제15호스팩,487830,2045,+0.00,KOSDAQ
신한제16호스팩,496070,2015,+0.25,KOSDAQ
신한제17호스팩,0130D0,1998,+0.30,KOSDAQ
신한제18호스팩,0129K0,1995,-15.29,KOSDAQ
신한지주,055550,98000,-1.90,KOSPI
신화인터텍,056700,1927,-1.23,KOSDAQ
신화콘텍,187270,3930,+0.77,KOSDAQ
신화프리텍,095190,2555,+0.00,KOSDAQ
신흥,004080,13970,-0.14,KOSPI
신흥에스이씨,243840,10560,+0.09,KOSDAQ
실리콘투,257720,43400,-1.36,KOSDAQ
심텍,222800,88200,+1.38,KOSDAQ
심텍홀딩스,036710,3735,-1.19,KOSDAQ
심플랫폼,444530,10320,+2.18,KOSDAQ
싸이닉솔루션,234030,7380,+1.51,KOSDAQ
싸이맥스,160980,37650,+1.21,KOSDAQ
싸이버원,356890,3785,-1.05,KOSDAQ
싸이토젠,217330,6160,+4.41,KOSDAQ
써니전자,004770,1840,+0.66,KOSPI
썸에이지,208640,196,+0.00,KOSDAQ
쎄노텍,222420,1680,+6.19,KOSDAQ
쎄니트,037760,2325,-1.69,KOSDAQ
쎄크,081180,13510,-0.73,KOSDAQ
쎄트렉아이,099320,168000,+1.20,KOSDAQ
쎌바이오텍,049960,15840,-1.00,KOSDAQ
쏘닉스,088280,7640,+6.56,KOSDAQ
쏘카,403550,16460,-7.58,KOSPI
쏠리드,050890,18640,+8.94,KOSDAQ
쓰리빌리언,394800,13130,-2.81,KOSDAQ
쓰리에이로직스,177900,7460,+1.50,KOSDAQ
씨메스로보틱스,475400,35900,+11.49,KOSDAQ
씨싸이트,109670,5030,-0.40,KOSDAQ
씨씨에스,066790,1493,+0.00,KOSDAQ
씨아이에스,222080,17190,+0.12,KOSDAQ
씨아이테크,004920,1207,-0.82,KOSPI
씨앤씨인터내셔널,352480,28350,-4.55,KOSDAQ
씨앤지하이테크,264660,22600,+0.44,KOSDAQ
씨앤투스,352700,2065,-3.73,KOSDAQ
씨어스,458870,48800,+2.41,KOSDAQ
씨에스베어링,297090,8800,-3.83,KOSDAQ
씨에스윈드,112610,69700,-2.65,KOSPI
씨엑스아이,900120,417,+1.46,KOSDAQ
씨엔알리서치,359090,773,+0.13,KOSDAQ
씨엔플러스,115530,336,+0.00,KOSDAQ
씨엠티엑스,388210,140200,-0.36,KOSDAQ
씨유메디칼,115480,548,+0.00,KOSDAQ
씨유테크,376290,2900,+0.00,KOSDAQ
씨이랩,189330,7110,+7.40,KOSDAQ
씨젠,096530,24500,-0.20,KOSDAQ
씨케이솔루션,480370,2570,+3.84,KOSPI
씨큐브,101240,4115,-1.20,KOSDAQ
씨티씨바이오,060590,3855,-1.53,KOSDAQ
씨티알모빌리티,308170,5230,-2.97,KOSPI
씨티케이,260930,3880,-2.02,KOSDAQ
씨피시스템,413630,3985,-1.73,KOSDAQ
아가방컴퍼니,013990,5100,-3.04,KOSDAQ
아나패스,123860,17990,+2.80,KOSDAQ
아난티,025980,7640,+8.22,KOSDAQ
아남전자,008700,1488,-0.33,KOSPI
아로마티카,0015N0,9600,+0.52,KOSDAQ
아모그린텍,125210,14930,-5.86,KOSDAQ
아모레퍼시픽,090430,134300,-0.74,KOSPI
아모레퍼시픽우,090435,48100,-0.93,KOSPI
아모레퍼시픽홀딩스,002790,28550,+2.51,KOSPI
아모레퍼시픽홀딩스3우C,00279K,24250,+1.25,KOSPI
아모레퍼시픽홀딩스우,002795,12160,+1.00,KOSPI
아모센스,357580,23450,+1.74,KOSDAQ
아모텍,052710,24400,+9.42,KOSDAQ
아미노로직스,074430,1339,-3.46,KOSDAQ
아미코젠,092040,1778,-1.88,KOSDAQ
아바코,083930,15930,+0.06,KOSDAQ
아바텍,149950,13900,+5.78,KOSDAQ
아비코전자,036010,12180,+4.73,KOSDAQ
아세아,002030,275000,+1.48,KOSPI
아세아시멘트,183190,11660,-0.60,KOSPI
아세아제지,002310,8920,-1.33,KOSPI
아세아텍,050860,2150,+3.37,KOSDAQ
아센디오,012170,1314,-2.01,KOSPI
아셈스,136410,7490,+1.63,KOSDAQ
아스타,246720,6070,+0.00,KOSDAQ
아스테라시스,450950,11450,+0.70,KOSDAQ
아스트,067390,796,+1.27,KOSDAQ
아스플로,159010,10920,+3.12,KOSDAQ
아시아경제,127710,1484,+6.15,KOSDAQ
아시아나IDT,267850,10860,+0.37,KOSPI
아시아나항공,020560,7030,-0.14,KOSPI
아시아종묘,154030,2035,-0.73,KOSDAQ
아우딘퓨쳐스,227610,794,+0.00,KOSDAQ
아우토크립트,331740,14810,-2.82,KOSDAQ
아이디스,143160,17630,-1.12,KOSDAQ
아이디스홀딩스,054800,16060,+2.95,KOSDAQ
아이디피,332370,5190,-0.57,KOSDAQ
아이로보틱스,066430,2220,+0.00,KOSDAQ
아이마켓코리아,122900,7550,-0.66,KOSPI
아이비김영,339950,2710,-0.55,KOSDAQ
아이비젼웍스,469750,1161,+0.00,KOSDAQ
아이빔테크놀로지,460470,3690,-4.90,KOSDAQ
아이센스,099190,21800,+2.83,KOSDAQ
아이스크림미디어,461300,18360,-1.29,KOSDAQ
아이스크림에듀,289010,1608,+2.10,KOSDAQ
아이쓰리시스템,214430,105800,+1.73,KOSDAQ
아이씨디,040910,5870,-0.17,KOSDAQ
아이씨에이치,368600,1203,+3.00,KOSDAQ
아이씨티케이,456010,23550,+4.43,KOSDAQ
아이앤씨,052860,5910,+2.07,KOSDAQ
아이언디바이스,464500,3765,+3.01,KOSDAQ
아이에스동서,010780,26050,-2.43,KOSPI
아이에스티이,212710,9620,+5.37,KOSDAQ
아이에이,038880,1018,+4.20,KOSDAQ
아이엘,307180,7730,+21.92,KOSDAQ
아이엠,101390,396,+0.00,KOSDAQ
아이엠바이오로직스,493280,46500,-4.32,KOSDAQ
아이엠비디엑스,461030,7140,+2.59,KOSDAQ
아이엠티,451220,17440,+15.65,KOSDAQ
아이윈,090150,920,-4.17,KOSDAQ
아이즈비전,031310,1723,+2.44,KOSDAQ
아이지넷,462980,2260,-2.38,KOSDAQ
아이진,185490,1416,-1.12,KOSDAQ
아이컴포넌트,059100,5560,+2.02,KOSDAQ
아이퀘스트,262840,1780,+0.00,KOSDAQ
아이큐어,175250,2170,+0.00,KOSDAQ
아이크래프트,052460,4095,+3.41,KOSDAQ
아이텍,119830,7710,+2.80,KOSDAQ
아이톡시,052770,312,+0.00,KOSDAQ
아이티센글로벌,124500,61900,+14.42,KOSDAQ
아이티센씨티에스,031820,753,+0.00,KOSPI
아이티센엔텍,010280,5870,-1.18,KOSDAQ
아이티센피엔에스,232830,4615,+14.66,KOSDAQ
아이티아이즈,372800,4070,-4.35,KOSDAQ
아이티엠반도체,084850,17140,+0.94,KOSDAQ
아이티켐,309710,21000,+0.00,KOSDAQ
아이패밀리에스씨,114840,10710,-0.83,KOSDAQ
아주IB투자,027360,15460,+3.07,KOSDAQ
아주스틸,139990,3720,-2.11,KOSPI
아즈텍WB,032080,1362,-0.07,KOSDAQ
아진산업,013310,3845,+3.08,KOSDAQ
아진엑스텍,059120,11580,+29.97,KOSDAQ
아진전자부품,009320,1168,+6.18,KOSPI
아크릴,0007C0,40800,+5.15,KOSDAQ
아크솔루션스,203690,4425,+0.00,KOSDAQ
아톤,158430,8180,+2.12,KOSDAQ
아티스트스튜디오,200350,5550,+0.54,KOSDAQ
아티스트컴퍼니,321820,4900,+1.98,KOSDAQ
안국약품,001540,8050,-0.86,KOSDAQ
안랩,053800,63000,-0.16,KOSDAQ
안트로젠,065660,34850,-3.19,KOSDAQ
알로이스,297570,1670,-6.23,KOSDAQ
알루코,001780,3100,+3.16,KOSPI
알리코제약,260660,3510,-3.04,KOSDAQ
알멕,354320,97800,-2.59,KOSDAQ
알비더블유,361570,1913,-1.65,KOSDAQ
알서포트,131370,2550,-2.30,KOSDAQ
알에스오토메이션,140670,16880,+0.60,KOSDAQ
알에프세미,096610,2965,+0.00,KOSDAQ
알에프텍,061040,1937,+0.00,KOSDAQ
알엔투테크놀로지,148250,3700,-0.13,KOSDAQ
알엔티엑스,123010,1593,+3.37,KOSDAQ
알지노믹스,476830,174500,-0.80,KOSDAQ
알체라,347860,2525,-6.48,KOSDAQ
알테오젠,196170,373000,+1.22,KOSDAQ
알톤,123750,2055,-0.48,KOSDAQ
알트,459550,2900,+0.00,KOSDAQ
알티캐스트,085810,2325,-7.19,KOSDAQ
알파AI,043100,520,+0.00,KOSDAQ
알파칩스,117670,20200,+7.33,KOSDAQ
알피바이오,314140,6370,+1.92,KOSDAQ
압타머사이언스,291650,1688,-1.00,KOSDAQ
압타바이오,293780,8370,-1.18,KOSDAQ
애경산업,018250,14820,-0.54,KOSPI
애경케미칼,161000,15110,-2.70,KOSPI
애니플러스,310200,2825,-0.53,KOSDAQ
애드바이오텍,179530,2905,+16.90,KOSDAQ
애드포러스,397810,6600,+0.61,KOSDAQ
애머릿지,900100,508,-0.97,KOSDAQ
액스비스,0011A0,26800,+1.32,KOSDAQ
액토즈소프트,052790,5550,-1.94,KOSDAQ
액트로,290740,18100,-0.88,KOSDAQ
앤디포스,238090,3130,-5.44,KOSDAQ
앤로보틱스,138360,3505,-7.03,KOSDAQ
앤씨앤,092600,987,+0.00,KOSDAQ
앱코,129890,1081,-1.64,KOSDAQ
앱클론,174900,47250,-3.87,KOSDAQ
앱토크롬,109960,153,+0.00,KOSDAQ
앱튼,270520,228,+0.00,KOSDAQ
야스,255440,11680,+7.65,KOSDAQ
양지사,030960,6800,+0.00,KOSDAQ
어보브반도체,102120,14570,+4.59,KOSDAQ
얼라인드,238120,4385,+1.62,KOSDAQ
에너토크,019990,10970,+6.40,KOSDAQ
에넥스,011090,428,+0.00,KOSPI
에르코스,435570,11220,-2.43,KOSDAQ
에브리봇,270660,19140,-0.10,KOSDAQ
에스넷,038680,4785,+5.86,KOSDAQ
에스디바이오센서,137310,8210,-2.49,KOSPI
에스디생명공학,217480,499,+0.00,KOSDAQ
에스디시스템,121890,2325,+21.47,KOSDAQ
에스바이오메딕스,304360,36150,+0.14,KOSDAQ
에스비비테크,389500,66300,+2.47,KOSDAQ
에스씨디,042110,1594,-0.44,KOSDAQ
에스아이리소스,065420,286,-4.67,KOSDAQ
에스앤더블류,103230,4180,-0.48,KOSDAQ
에스앤디,260970,57600,+4.35,KOSDAQ
에스앤에스텍,101490,100000,-0.70,KOSDAQ
에스에너지,095910,2670,+0.38,KOSDAQ
에스에스알,275630,4105,-1.56,KOSDAQ
에스에이엠티,031330,7390,+4.53,KOSDAQ
에스에이티,060540,1380,-0.50,KOSDAQ
에스에프에이,056190,32550,+3.66,KOSDAQ
에스엔시스,0008Z0,40150,-5.08,KOSDAQ
에스엘,005850,63700,+1.27,KOSPI
에스엘에스바이오,246250,1969,+0.00,KOSDAQ
에스엠,041510,96800,+0.21,KOSDAQ
에스엠벡셀,010580,2155,-1.15,KOSPI
에스엠씨지,460870,3510,-2.23,KOSDAQ
에스오에스랩,464080,16850,+3.95,KOSDAQ
에스와이,109610,2915,-2.51,KOSDAQ
에스와이스틸텍,365330,3700,-1.73,KOSDAQ
에스원,012750,78300,-9.06,KOSPI
에스제이그룹,306040,6830,-4.74,KOSDAQ
에스지헬스케어,398120,3470,-1.56,KOSDAQ
에스케이증권제11호스팩,472230,2060,+0.00,KOSDAQ
에스케이증권제12호스팩,473000,2065,-0.96,KOSDAQ
에스케이증권제13호스팩,473950,2030,-0.49,KOSDAQ
에스켐,475660,5210,+0.19,KOSDAQ
에스코넥,096630,813,+0.00,KOSDAQ
에스텍,069510,15960,-2.15,KOSDAQ
에스투더블유,488280,26250,+3.14,KOSDAQ
에스트래픽,234300,3745,-2.60,KOSDAQ
에스티아이,039440,40850,+9.22,KOSDAQ
에스티오,098660,1753,-0.23,KOSDAQ
에스티큐브,052020,19000,-9.95,KOSDAQ
에스티팜,237690,153800,+0.85,KOSDAQ
에스팀,458350,9040,-0.33,KOSDAQ
에스폴리텍,050760,1387,+2.89,KOSDAQ
에스프리즘,288620,10280,-4.55,KOSDAQ
에스피소프트,443670,5780,-0.52,KOSDAQ
에스피시스템스,317830,10660,+1.33,KOSDAQ
에스피지,058610,129200,+1.25,KOSDAQ
에쎈테크,043340,549,+0.00,KOSDAQ
에쓰씨엔지니어링,023960,1313,-2.01,KOSPI
에어레인,163280,6200,+1.31,KOSDAQ
에어부산,298690,2020,-1.46,KOSPI
에이디테크놀로지,200710,54100,+3.44,KOSDAQ
에이럭스,475580,12530,-1.88,KOSDAQ
에이루트,096690,1337,+0.00,KOSDAQ
에이리츠,140910,3130,+0.00,KOSPI
에이블씨엔씨,078520,14250,-4.49,KOSPI
에이비엘바이오,298380,132500,-1.71,KOSDAQ
에이비온,203400,2615,-4.56,KOSDAQ
에이비프로바이오,195990,1234,-1.44,KOSDAQ
에이스침대,003800,34550,+0.88,KOSDAQ
에이스테크,088800,4995,+6.73,KOSDAQ
에이스토리,241840,5090,-3.23,KOSDAQ
에이아이코리아,364950,7230,-0.69,KOSDAQ
에이에스텍,453860,15100,-1.11,KOSDAQ
에이에프더블류,312610,1308,-3.11,KOSDAQ
에이엔피,015260,744,-1.46,KOSPI
에이엘티,172670,19730,+5.34,KOSDAQ
에이유브랜즈,481070,17940,-2.82,KOSDAQ
에이전트AI,060900,6890,-8.50,KOSDAQ
에이직랜드,445090,31700,+5.84,KOSDAQ
에이치브이엠,295310,89600,+0.67,KOSDAQ
에이치시티,072990,4850,+3.08,KOSDAQ
에이치엔에스하이텍,044990,20000,+22.70,KOSDAQ
에이치엘사이언스,239610,8850,-0.90,KOSDAQ
에이치엠넥스,036170,7580,+8.44,KOSDAQ
에이치엠씨제6호스팩,462020,2110,+0.24,KOSDAQ
에이치엠씨제7호스팩,477340,2030,+0.00,KOSDAQ
에이치와이티씨,148930,3230,+1.10,KOSDAQ
에이치케이,044780,1580,-0.88,KOSDAQ
에이치피오,357230,2900,+3.94,KOSDAQ
에이텀,355690,5220,-0.19,KOSDAQ
에이테크솔루션,071670,9070,+2.49,KOSDAQ
에이텍,045660,10000,+0.81,KOSDAQ
에이텍모빌리티,224110,9180,-2.13,KOSDAQ
에이티넘인베스트,021080,3335,-1.04,KOSDAQ
에이팩트,200470,8880,+2.66,KOSDAQ
에이프로,262260,10990,+27.35,KOSDAQ
에이프로젠,007460,293,+0.00,KOSPI
에이프로젠바이오로직스,003060,251,+0.00,KOSPI
에이프릴바이오,397030,57700,-2.70,KOSDAQ
에이플러스에셋,244920,10460,-3.15,KOSPI
에이피알,278470,428500,+0.94,KOSPI
에임드바이오,0009K0,46700,-0.32,KOSDAQ
에치에프알,230240,36600,+24.07,KOSDAQ
에코글로우,159910,800,+0.00,KOSDAQ
에코마케팅,230360,16000,+0.00,KOSDAQ
에코볼트,097780,801,+0.00,KOSDAQ
에코심플렉스,038870,3085,-1.12,KOSDAQ
에코아이,448280,12390,-1.20,KOSDAQ
에코앤드림,101360,19700,+2.18,KOSDAQ
에코캡,128540,1972,+4.06,KOSDAQ
에코프로,086520,155800,+1.90,KOSDAQ
에코프로머티,450080,84800,+5.60,KOSPI
에코프로비엠,247540,215500,+4.61,KOSDAQ
에코프로에이치엔,383310,32850,+2.98,KOSDAQ
에코플라스틱,038110,3630,-1.36,KOSDAQ
에프알텍,073540,4125,+1.60,KOSDAQ
에프앤가이드,064850,29050,+6.80,KOSDAQ
에프에스티,036810,43700,+2.82,KOSDAQ
에프엔씨엔터,173940,4035,-1.82,KOSDAQ
에프엔에스테크,083500,19720,+1.91,KOSDAQ
에피소드컴퍼니,317530,3980,-1.61,KOSDAQ
엑사이엔씨,054940,865,+13.07,KOSDAQ
엑세스바이오,950130,3340,-2.20,KOSDAQ
엑셀세라퓨틱스,373110,1602,-4.59,KOSDAQ
엑셈,205100,1975,+0.92,KOSDAQ
엑스게이트,356680,15010,+6.53,KOSDAQ
엑스큐어,070300,2475,-5.71,KOSDAQ
엑스페릭스,317770,3760,+2.04,KOSDAQ
엑스플러스,373200,643,+0.00,KOSDAQ
엑시온그룹,069920,346,+0.00,KOSDAQ
엑시콘,092870,38450,+4.77,KOSDAQ
엑시큐어하이트론,019490,541,+0.00,KOSPI
엔바이오니아,317870,8110,-4.81,KOSDAQ
엔브이에이치코리아,067570,2165,-1.59,KOSDAQ
엔비알모션,0004V0,27900,+9.41,KOSDAQ
엔비티,236810,1954,-0.56,KOSDAQ
엔시스,333620,7150,+0.28,KOSDAQ
엔시트론,101400,392,+0.00,KOSDAQ
엔알비,475230,18850,+0.00,KOSDAQ
엔에이치스팩29호,451700,3480,+2.35,KOSDAQ
엔에이치스팩30호,466910,5640,+0.00,KOSDAQ
엔에이치스팩31호,481890,2100,+0.00,KOSDAQ
엔에이치스팩32호,0054V0,2040,-0.24,KOSDAQ
엔에이치스팩33호,0130H0,1999,+0.05,KOSDAQ
엔에프씨,265740,7430,+4.06,KOSDAQ
엔젠바이오,354200,1170,+0.95,KOSDAQ
엔젤로보틱스,455900,30200,-0.49,KOSDAQ
엔젯,419080,5660,+0.71,KOSDAQ
엔지켐생명과학,183490,990,+0.00,KOSDAQ
엔케이,085310,1169,+0.00,KOSPI
엔케이젠바이오텍코리아,182400,3670,+0.00,KOSDAQ
엔켐,348370,45150,+1.92,KOSDAQ
엔텔스,069410,4980,+4.29,KOSDAQ
엔투텍,227950,503,+0.00,KOSDAQ
엔피,291230,810,-1.58,KOSDAQ
엔피케이,048830,1168,-0.93,KOSDAQ
엘디티,096870,2420,+0.62,KOSDAQ
엘브이엠씨홀딩스,900140,1695,-0.41,KOSPI
엘앤씨바이오,290650,62800,-0.63,KOSDAQ
엘앤에프,066970,213000,+9.17,KOSPI
엘앤케이바이오,156100,6960,-4.79,KOSDAQ
엘에스스팩1호,0041J0,2000,+0.00,KOSDAQ
엘엠에스,073110,5870,-0.17,KOSDAQ
엘오티베큠,083310,16100,+1.71,KOSDAQ
엘컴텍,037950,709,+0.00,KOSDAQ
엘케이켐,489500,35150,+1.74,KOSDAQ
엘티씨,170920,47850,+4.48,KOSDAQ
엠게임,058630,5250,-2.05,KOSDAQ
엠디바이스,226590,29250,+2.45,KOSDAQ
엠로,058970,27800,-1.59,KOSDAQ
엠브레인,169330,2180,+0.93,KOSDAQ
엠씨넥스,097520,23550,+2.39,KOSPI
엠아이큐브솔루션,373170,3115,-2.66,KOSDAQ
엠아이텍,179290,6580,+0.77,KOSDAQ
엠앤씨솔루션,484870,114500,-0.78,KOSPI
엠에스씨,009780,7370,+1.80,KOSDAQ
엠에스오토텍,123040,2435,-0.61,KOSDAQ
엠에프씨,432980,3610,+0.28,KOSDAQ
엠엑스로보틱스,007820,5260,+0.96,KOSDAQ
엠엑스온,347890,6150,+1.82,KOSDAQ
엠오티,413390,9240,+0.65,KOSDAQ
엠젠솔루션,032790,887,+6.48,KOSDAQ
엠케이전자,033160,27500,-1.43,KOSDAQ
엠투엔,033310,1753,-1.85,KOSDAQ
엠플러스,259630,18060,+2.91,KOSDAQ
엣지파운드리,105550,1312,+1.39,KOSDAQ
영림원소프트랩,060850,6450,-0.46,KOSDAQ
영보화학,014440,4795,+0.42,KOSPI
영우디에스피,143540,1400,+3.70,KOSDAQ
영원무역,111770,85500,+3.14,KOSPI
영원무역홀딩스,009970,211500,+1.68,KOSPI
영진약품,003520,1751,-1.07,KOSPI
영풍,000670,67500,+2.43,KOSPI
영화금속,012280,1086,-1.45,KOSPI
영화테크,265560,10660,-1.39,KOSDAQ
영흥,012160,524,-2.24,KOSPI
예림당,036000,3270,+2.03,KOSDAQ
예선테크,250930,480,+2.78,KOSDAQ
예스24,053280,3445,-1.43,KOSDAQ
예스티,122640,27750,+2.02,KOSDAQ
오가노이드사이언스,476040,22000,-1.79,KOSDAQ
오가닉티코스메틱,900300,205,-5.96,KOSDAQ
오공,045060,2510,+1.41,KOSDAQ
오늘이엔엠,192410,5160,-12.54,KOSDAQ
오디텍,080520,4365,+4.93,KOSDAQ
오뚜기,007310,364000,-0.41,KOSPI
오로라,039830,18200,+9.11,KOSDAQ
오로스테크놀로지,322310,44850,+30.00,KOSDAQ
오르비텍,046120,12320,+5.93,KOSDAQ
오름테라퓨틱,475830,93900,+6.46,KOSDAQ
오리엔탈정공,014940,7960,+0.25,KOSDAQ
오리엔트바이오,002630,531,-1.12,KOSPI
오리엔트정공,065500,2165,+2.36,KOSDAQ
오리온,271560,142800,-0.56,KOSPI
오리온홀딩스,001800,24900,-3.68,KOSPI
오리콤,010470,6060,+0.00,KOSDAQ
오브젠,417860,10700,-7.92,KOSDAQ
오비고,352910,5500,-0.36,KOSDAQ
오상자이엘,053980,3235,-1.22,KOSDAQ
오상헬스케어,036220,8900,-1.87,KOSDAQ
오성첨단소재,052420,1448,+0.00,KOSDAQ
오션인더블유,052300,1741,+0.00,KOSDAQ
오스코텍,039200,51400,-1.15,KOSDAQ
오스테오닉,226400,6610,-0.30,KOSDAQ
오스템,031510,1017,-2.12,KOSDAQ
오아,342870,6820,+0.15,KOSDAQ
오에스피,368970,1925,+0.00,KOSDAQ
오이솔루션,138080,45050,+16.41,KOSDAQ
오킨스전자,080580,23550,+6.80,KOSDAQ
오텍,067170,2630,-0.94,KOSDAQ
오토앤,353590,3000,+0.17,KOSDAQ
오파스넷,173130,8170,+6.52,KOSDAQ
오픈놀,440320,4305,+1.06,KOSDAQ
오픈베이스,049480,3310,+2.00,KOSDAQ
오픈엣지테크놀로지,394280,21800,+6.60,KOSDAQ
온코닉테라퓨틱스,476060,21500,+1.18,KOSDAQ
온코크로스,382150,8200,-3.53,KOSDAQ
온타이드,005320,588,+0.00,KOSPI
올리패스,244460,1651,+0.00,KOSDAQ
올릭스,226950,174200,+0.99,KOSDAQ
옴니시스템,057540,1011,+5.64,KOSDAQ
옵투스제약,131030,8960,-1.43,KOSDAQ
옵트론텍,082210,1810,-2.69,KOSDAQ
옵티시스,109080,15630,+4.13,KOSDAQ
옵티코어,380540,4225,+0.00,KOSDAQ
옵티팜,153710,5130,-1.16,KOSDAQ
와이랩,432430,3570,-1.92,KOSDAQ
와이바이오로직스,338840,21700,-1.36,KOSDAQ
와이솔,122990,7380,-2.25,KOSDAQ
와이씨,232140,22350,+2.29,KOSDAQ
와이씨켐,112290,13620,-3.06,KOSDAQ
와이어블,065530,2105,+1.20,KOSDAQ
와이엔텍,067900,7700,+2.80,KOSDAQ
와이엠,007530,2375,-6.31,KOSDAQ
와이엠씨,155650,4065,-0.73,KOSDAQ
와이엠텍,273640,12250,+0.00,KOSDAQ
와이엠티,251370,20650,+15.30,KOSDAQ
와이제이링크,209640,8670,+6.51,KOSDAQ
와이즈넛,096250,11080,-0.63,KOSDAQ
와이즈버즈,273060,1076,+0.56,KOSDAQ
와이지-원,019210,15990,+1.20,KOSDAQ
와이지엔터테인먼트,122870,53500,-0.93,KOSDAQ
와이투솔루션,011690,8900,+9.47,KOSPI
와토스코리아,079000,8000,+1.27,KOSDAQ
우듬지팜,403490,1218,-2.33,KOSDAQ
우리금융지주,316140,33300,-0.15,KOSPI
우리기술,032820,21550,-0.23,KOSDAQ
우리기술투자,041190,6740,+3.85,KOSDAQ
우리넷,115440,15060,+6.06,KOSDAQ
우리로,046970,8740,+4.67,KOSDAQ
우리바이오,082850,2185,-2.46,KOSDAQ
우리산업,215360,9440,+1.07,KOSDAQ
우리산업홀딩스,072470,3910,-1.51,KOSDAQ
우리손에프앤지,073560,1800,+1.29,KOSDAQ
우리엔터프라이즈,037400,1061,+0.09,KOSDAQ
우리이앤엘하루틴,153490,912,-0.33,KOSDAQ
우림피티에스,101170,14630,+2.96,KOSDAQ
우성,006980,23900,+2.14,KOSPI
우성머티리얼스,011300,3090,-2.68,KOSPI
우신시스템,017370,6180,+0.98,KOSPI
우양,103840,3210,-1.08,KOSDAQ
우양에이치씨,101970,13870,-3.34,KOSDAQ
우원개발,046940,6100,+8.16,KOSDAQ
우정바이오,215380,2875,-0.52,KOSDAQ
우주일렉트로,065680,40000,+0.76,KOSDAQ
우진,105840,28700,+2.32,KOSPI
우진비앤지,018620,746,+0.00,KOSDAQ
우진아이엔에스,010400,4195,+2.19,KOSPI
우진엔텍,457550,28200,+3.49,KOSDAQ
우진플라임,049800,2725,-0.37,KOSPI
웅진,016880,2935,-2.65,KOSPI
웅진씽크빅,095720,1154,+0.00,KOSPI
워트,396470,8150,+3.56,KOSDAQ
원림,005820,17530,+0.92,KOSPI
원바이오젠,307280,7550,+1.62,KOSDAQ
원익,032940,10600,+0.86,KOSDAQ
원익IPS,240810,122500,+4.61,KOSDAQ
원익QnC,074600,38850,+2.64,KOSDAQ
원익머트리얼즈,104830,53900,+3.06,KOSDAQ
원익큐브,014190,1764,-0.28,KOSDAQ
원익피앤이,217820,4225,+6.29,KOSDAQ
원익홀딩스,030530,34600,+5.49,KOSDAQ
원일특강,012620,9500,-1.55,KOSDAQ
원일티엔아이,136150,18320,-0.16,KOSDAQ
원준,382840,9980,+0.71,KOSDAQ
원텍,336570,7300,-0.27,KOSDAQ
원티드랩,376980,4060,+1.50,KOSDAQ
원풍,008370,5430,+1.31,KOSDAQ
원풍물산,008290,418,+0.00,KOSDAQ
월덱스,101160,33200,+1.37,KOSDAQ
웨이버스,336060,1080,+3.85,KOSDAQ
웨이브일렉트로,095270,9290,-1.38,KOSDAQ
웨이비스,289930,21900,+0.92,KOSDAQ
웰크론,065950,1524,-4.21,KOSDAQ
웰크론한텍,076080,1234,-2.45,KOSDAQ
웰킵스하이텍,043590,736,+5.90,KOSDAQ
웹스,196700,1990,-5.01,KOSDAQ
웹젠,069080,12160,+0.00,KOSDAQ
웹케시,053580,9110,-0.55,KOSDAQ
위너스일렉,479960,13850,+17.27,KOSDAQ
위닉스,044340,5320,-1.12,KOSDAQ
위더스제약,330350,8930,-0.11,KOSDAQ
위드텍,348350,11690,+5.79,KOSDAQ
위메이드,112040,24400,-2.20,KOSDAQ
위메이드맥스,101730,5760,-3.19,KOSDAQ
위메이드플레이,123420,7900,-1.25,KOSDAQ
위세아이텍,065370,5310,+0.00,KOSDAQ
위즈코프,038620,503,+0.00,KOSDAQ
위지윅스튜디오,299900,408,-0.49,KOSDAQ
위지트,036090,710,+0.00,KOSDAQ
위츠,459100,6900,+9.18,KOSDAQ
윈스테크넷,136540,12730,-2.08,KOSDAQ
윈팩,097800,477,+0.00,KOSDAQ
윈하이텍,192390,1911,-2.45,KOSDAQ
윌비스,008600,2620,+0.00,KOSPI
윙스풋,335870,1858,-0.96,KOSDAQ
윙입푸드,900340,742,+4.95,KOSDAQ
유나이티드제약,033270,20050,-0.74,KOSPI
유니드,014830,90500,-4.54,KOSPI
유니드비티플러스,446070,3160,+0.16,KOSPI
유니셈,036200,12170,+5.83,KOSDAQ
유니슨,018000,1309,-2.97,KOSDAQ
유니온,000910,4500,-0.44,KOSPI
유니온머티리얼,047400,1756,-1.24,KOSPI
유니온바이오메트릭스,203450,3215,-0.77,KOSDAQ
유니켐,011330,612,-1.77,KOSPI
유니퀘스트,077500,8500,+15.96,KOSPI
유니크,011320,4660,-2.51,KOSDAQ
유니테스트,086390,19400,+5.66,KOSDAQ
유니테크노,241690,4015,+3.88,KOSDAQ
유니트론텍,142210,5840,+2.64,KOSDAQ
유디엠텍,389680,549,+0.00,KOSDAQ
유라클,088340,13230,+0.15,KOSDAQ
유라테크,048430,8360,-1.18,KOSDAQ
유바이오로직스,206650,12710,-0.70,KOSDAQ
유비벨록스,089850,5530,-0.54,KOSDAQ
유비온,084440,1196,+1.87,KOSDAQ
유비쿼스,264450,15600,+4.70,KOSDAQ
유비쿼스홀딩스,078070,15940,+3.24,KOSDAQ
유성기업,002920,1894,-1.04,KOSPI
유성티엔에스,024800,4445,+0.23,KOSDAQ
유수홀딩스,000700,6120,-2.08,KOSPI
유신,054930,25400,-1.17,KOSDAQ
유아이디,069330,1222,-0.73,KOSDAQ
유아이엘,049520,4040,+0.12,KOSDAQ
유안타제15호스팩,473050,2065,+0.00,KOSDAQ
유안타제16호스팩,474490,2050,+0.24,KOSDAQ
유안타제17호스팩,493790,2010,+0.00,KOSDAQ
유안타증권,003470,6030,+14.86,KOSPI
유안타증권우,003475,4700,+5.50,KOSPI
유에스티,263770,2120,+0.24,KOSDAQ
유엔젤,072130,5160,-1.34,KOSPI
유유제약,000220,4245,+0.00,KOSPI
유유제약1우,000225,4460,+0.22,KOSPI
유유제약2우B,000227,10820,+0.09,KOSPI
유일로보틱스,388720,104000,-1.05,KOSDAQ
유일에너테크,340930,806,+0.00,KOSDAQ
유진기업,023410,3975,-2.69,KOSDAQ
유진로봇,056080,26900,+0.94,KOSDAQ
유진스팩10호,468760,2095,+0.24,KOSDAQ
유진스팩11호,488060,2070,-0.48,KOSDAQ
유진스팩12호,0105P0,2005,+0.00,KOSDAQ
유진테크,084370,132000,+1.54,KOSDAQ
유진테크놀로지,240600,3660,-8.50,KOSDAQ
유진투자증권,001200,5980,+6.98,KOSPI
유티아이,179900,20400,-0.24,KOSDAQ
유틸렉스,263050,959,+0.00,KOSDAQ
유한양행,000100,90500,-1.20,KOSPI
유한양행우,000105,75300,-1.70,KOSPI
유화증권,003460,3660,+2.95,KOSPI
유화증권우,003465,3415,+0.74,KOSPI
육일씨엔에쓰,191410,2740,+0.18,KOSDAQ
윤성에프앤씨,372170,35600,-1.93,KOSDAQ
율촌,146060,1580,+2.86,KOSDAQ
율촌화학,008730,26000,+0.97,KOSPI
이건산업,008250,3995,-1.72,KOSPI
이건홀딩스,039020,3420,-1.58,KOSDAQ
이구산업,025820,6540,+9.00,KOSPI
이글루,067920,7050,-1.95,KOSDAQ
이글벳,044960,3955,-1.37,KOSDAQ
이노뎁,303530,4900,-2.00,KOSDAQ
이노메트리,302430,8740,+4.17,KOSDAQ
이노션,214320,19600,-1.01,KOSPI
이노스페이스,462350,17230,+5.38,KOSDAQ
이노시뮬레이션,274400,3985,-1.85,KOSDAQ
이노에이엑스,296640,7730,-3.86,KOSDAQ
이노인스트루먼트,215790,1610,+0.88,KOSDAQ
이노진,344860,1601,+3.76,KOSDAQ
이노테나,333050,1393,+0.00,KOSDAQ
이노테크,469610,24400,-8.27,KOSDAQ
이녹스,088390,13890,+3.89,KOSDAQ
이녹스첨단소재,272290,36300,+5.83,KOSDAQ
이니텍,053350,2990,-0.83,KOSDAQ
이닉스,452400,9360,+0.75,KOSDAQ
이랜시스,264850,6440,+1.90,KOSDAQ
이랜텍,054210,13210,+3.61,KOSDAQ
이렘,009730,311,-4.89,KOSDAQ
이루온,065440,4055,+1.12,KOSDAQ
이리츠코크렙,088260,4700,-5.34,KOSPI
이마트,139480,105900,-0.75,KOSPI
이뮨온시아,424870,6920,-1.00,KOSDAQ
이미지스,115610,2920,-4.73,KOSDAQ
이베스트스팩6호,478110,2030,+0.00,KOSDAQ
이브이첨단소재,131400,1890,+1.61,KOSDAQ
이삭엔지니어링,351330,8030,+0.75,KOSDAQ
이상네트웍스,080010,7600,+3.26,KOSDAQ
이수스페셜티케미컬,457190,123600,+1.73,KOSPI
이수앱지스,086890,4650,-2.31,KOSDAQ
이수페타시스,007660,149000,-0.86,KOSPI
이수화학,005950,11270,+1.26,KOSPI
이스타코,015020,464,+0.00,KOSPI
이스트소프트,047560,14580,-0.14,KOSDAQ
이스트아시아홀딩스,900110,800,+2.96,KOSDAQ
이스트에이드,239340,1448,-1.23,KOSDAQ
이씨에스,067010,2390,-1.65,KOSDAQ
이엔셀,456070,15260,-2.05,KOSDAQ
이엔에프테크놀로지,102710,57900,+0.00,KOSDAQ
이엔플러스,074610,5110,+0.00,KOSPI
이엘씨,041520,13200,+4.60,KOSDAQ
이엘피,063760,3525,+1.44,KOSDAQ
이엠넷,123570,2005,-0.74,KOSDAQ
이엠앤아이,083470,1056,-2.22,KOSDAQ
이엠텍,091120,7110,-5.45,KOSDAQ
이연제약,102460,10580,-1.95,KOSPI
이오테크닉스,039030,475000,+1.50,KOSDAQ
이오플로우,294090,1490,+0.00,KOSDAQ
이원컴포텍,088290,630,+0.00,KOSDAQ
이월드,084680,1931,+0.36,KOSPI
이지바이오,353810,7800,+0.78,KOSDAQ
이지스,261520,7800,-0.89,KOSDAQ
이지스레지던스리츠,350520,3805,-2.93,KOSPI
이지스밸류플러스리츠,334890,4075,-2.63,KOSPI
이지케어텍,099750,8530,-1.84,KOSDAQ
이지트로닉스,377330,3970,+0.63,KOSDAQ
이지홀딩스,035810,5720,+4.76,KOSDAQ
이크레더블,092130,15170,-0.91,KOSDAQ
이퓨쳐,134060,4480,+0.56,KOSDAQ
이화공영,001840,2215,+0.00,KOSDAQ
이화산업,000760,16000,+1.33,KOSPI
인디에프,014990,793,+4.48,KOSPI
인바디,041830,29650,+0.51,KOSDAQ
인바이오,352940,2320,+0.65,KOSDAQ
인바이오젠,101140,8370,-4.78,KOSPI
인베니아,079950,1072,-3.42,KOSDAQ
인벤테라,0007J0,20400,-4.45,KOSDAQ
인벤티지랩,389470,63300,+2.93,KOSDAQ
인산가,277410,1105,-2.56,KOSDAQ
인선이엔티,060150,4645,+0.11,KOSDAQ
인성정보,033230,1959,+0.67,KOSDAQ
인스웨이브,450520,3135,-2.79,KOSDAQ
인스코비,006490,446,-4.09,KOSPI
인스피언,465480,5870,+2.62,KOSDAQ
인지디스플레,037330,1496,-1.90,KOSDAQ
인지소프트,100030,18890,-0.16,KOSDAQ
인지컨트롤스,023800,8390,+1.70,KOSPI
인천도시가스,034590,26850,-0.37,KOSPI
인카금융서비스,211050,10450,-3.42,KOSDAQ
인콘,083640,385,+0.00,KOSDAQ
인크레더블버즈,064090,798,+0.00,KOSDAQ
인크로스,216050,6730,-1.17,KOSDAQ
인탑스,049070,18750,+0.70,KOSDAQ
인터로조,119610,21850,+1.63,KOSDAQ
인터엠,017250,1114,+4.50,KOSDAQ
인터지스,129260,2480,-1.78,KOSPI
인터플렉스,051370,13260,-1.34,KOSDAQ
인텍플러스,064290,31350,+1.79,KOSDAQ
인텔리안테크,189300,142000,+7.01,KOSDAQ
인투셀,287840,35650,-4.04,KOSDAQ
인트론바이오,048530,3475,-3.74,KOSDAQ
인티큐브,070590,1980,+3.61,KOSDAQ
인팩,023810,9230,+1.21,KOSPI
인포바인,115310,12830,+2.72,KOSDAQ
인포뱅크,039290,4775,-1.55,KOSDAQ
인피니트헬스케어,071200,7560,+2.72,KOSDAQ
인화정공,101930,15140,+11.98,KOSDAQ
일동제약,249420,25950,-2.08,KOSPI
일동홀딩스,000230,9780,-1.71,KOSPI
일성건설,013360,1832,-2.86,KOSPI
일성아이에스,003120,22750,+0.00,KOSPI
일승,333430,6220,-1.11,KOSDAQ
일신바이오,068330,1537,-1.16,KOSDAQ
일신방직,003200,13290,-0.67,KOSPI
일신석재,007110,1716,+4.76,KOSPI
일양약품,007570,11000,-2.22,KOSPI
일양약품우,007575,10750,-2.63,KOSPI
일월지엠엘,178780,2560,+1.39,KOSDAQ
일정실업,008500,2595,-1.14,KOSPI
일지테크,019540,7210,+0.00,KOSDAQ
일진다이아,081000,14760,+0.34,KOSPI
일진디스플,020760,902,+0.00,KOSPI
일진전기,103590,144100,+17.63,KOSPI
일진파워,094820,23200,+7.16,KOSDAQ
일진하이솔루스,271940,18040,-1.31,KOSPI
일진홀딩스,015860,13410,+29.94,KOSPI
잇츠한불,226320,12500,+1.05,KOSPI
잉글우드랩,950140,12030,+0.25,KOSDAQ
잉크테크,049550,3685,-1.73,KOSDAQ
자람테크놀로지,389020,57700,+10.96,KOSDAQ
자비스,254120,1410,-4.92,KOSDAQ
자연과환경,043910,493,+0.00,KOSDAQ
자이글,234920,5310,+0.00,KOSDAQ
자이언트스텝,289220,3055,-1.77,KOSDAQ
자이에스앤디,317400,4685,-2.90,KOSPI
자화전자,033240,47700,-1.95,KOSPI
재영솔루텍,049630,14850,-13.16,KOSDAQ
저스템,417840,12850,+6.46,KOSDAQ
전방,000950,33900,-0.73,KOSPI
전진건설로봇,079900,63900,-0.31,KOSPI
전진바이오팜,110020,2340,-1.68,KOSDAQ
정다운,208140,2540,+0.00,KOSDAQ
정상제이엘에스,040420,5980,-0.50,KOSDAQ
정원엔시스,045510,1139,-2.32,KOSDAQ
제너셈,217190,9180,+16.35,KOSDAQ
제넥신,095700,5250,-3.31,KOSDAQ
제노레이,122310,4640,+0.43,KOSDAQ
제노코,361390,30200,+2.55,KOSDAQ
제놀루션,225220,1870,-0.95,KOSDAQ
제닉,123330,27950,-0.71,KOSDAQ
제닉스로보틱스,381620,10070,-1.08,KOSDAQ
제로투세븐,159580,3920,-1.88,KOSDAQ
제룡산업,147830,12730,+8.90,KOSDAQ
제룡전기,033100,91500,+29.97,KOSDAQ
제우스,079370,16900,+4.90,KOSDAQ
제이브이엠,054950,24950,-0.20,KOSDAQ
제이스로보틱스,090470,8920,-4.70,KOSDAQ
제이스코홀딩스,023440,521,+0.00,KOSDAQ
제이씨케미칼,137950,4550,-4.31,KOSDAQ
제이씨현시스템,033320,5020,-0.40,KOSDAQ
제이아이테크,417500,4805,+4.91,KOSDAQ
제이알글로벌리츠,348950,1182,+0.00,KOSPI
제이앤티씨,204270,19100,-1.24,KOSDAQ
제이에스링크,127120,44100,+8.09,KOSDAQ
제이에스코퍼레이션,194370,14760,-0.20,KOSPI
제이에스티나,026040,3095,+6.72,KOSDAQ
제이엔비,452160,6150,-2.84,KOSDAQ
제이엔케이글로벌,126880,3925,-1.26,KOSDAQ
제이엘케이,322510,7210,+0.42,KOSDAQ
제이엠아이,033050,1008,-1.66,KOSDAQ
제이엠티,094970,3855,+6.79,KOSDAQ
제이오,418550,11690,+2.01,KOSDAQ
제이케이시냅스,060230,427,-5.53,KOSDAQ
제이투케이바이오,420570,8300,+0.48,KOSDAQ
제이티,089790,6270,+3.13,KOSDAQ
제이피아이헬스케어,0010V0,12150,-0.41,KOSDAQ
제일기획,030000,19750,-1.50,KOSPI
제일약품,271980,13960,-0.29,KOSPI
제일엠앤에스,412540,3935,+0.00,KOSDAQ
제일연마,001560,11660,-3.40,KOSPI
제일일렉트릭,199820,20700,+19.93,KOSDAQ
제일테크노스,038010,6840,+0.15,KOSDAQ
제일파마홀딩스,002620,8830,-1.89,KOSPI
제주반도체,080220,56700,+8.21,KOSDAQ
제주은행,006220,12470,-1.19,KOSPI
제주항공,089590,5320,+0.19,KOSPI
제테마,216080,6990,-0.57,KOSDAQ
젝시믹스,337930,4350,-1.02,KOSDAQ
젠큐릭스,229000,2270,-2.99,KOSDAQ
젬백스,082270,23300,-2.10,KOSDAQ
조광페인트,004910,4825,-0.92,KOSPI
조광피혁,004700,68900,-0.14,KOSPI
조비,001550,15650,-1.76,KOSPI
조선내화,462520,14730,+0.55,KOSPI
조선선재,120030,99500,-1.68,KOSPI
조아제약,034940,913,-0.76,KOSDAQ
조이시티,067000,2410,-1.63,KOSDAQ
조이웍스앤코,309930,2210,+19.98,KOSDAQ
조일알미늄,018470,1770,+1.20,KOSPI
조흥,002600,148900,+1.29,KOSPI
종근당,185750,86100,+0.47,KOSPI
종근당바이오,063160,19500,-0.05,KOSPI
종근당홀딩스,001630,49800,+1.01,KOSPI
좋은사람들,033340,1740,+6.95,KOSDAQ
주성엔지니어링,036930,126600,+0.48,KOSDAQ
주성코퍼레이션,109070,1670,-0.89,KOSPI
주연테크,044380,430,+0.00,KOSPI
중앙백신,072020,9980,-0.99,KOSDAQ
중앙에너비스,000440,21050,-2.55,KOSDAQ
중앙첨단소재,051980,1906,-0.83,KOSDAQ
지구홀딩스,221800,17200,-5.75,KOSDAQ
지노믹트리,228760,16640,-2.97,KOSDAQ
지놈앤컴퍼니,314130,7340,+3.97,KOSDAQ
지누스,013890,12880,-0.23,KOSPI
지니너스,389030,4880,-1.61,KOSDAQ
지니언스,263860,16020,+3.16,KOSDAQ
지니틱스,303030,748,+0.00,KOSDAQ
지란지교시큐리티,208350,3385,+0.00,KOSDAQ
지슨,446840,1399,-1.41,KOSDAQ
지씨셀,144510,23350,-1.68,KOSDAQ
지씨지놈,340450,8270,-2.36,KOSDAQ
지아이에스,306620,3410,+5.08,KOSDAQ
지아이이노베이션,358570,15830,-2.58,KOSDAQ
지아이텍,382480,2775,+0.36,KOSDAQ
지앤비에스 에코,382800,8800,-3.19,KOSDAQ
지어소프트,051160,7570,+0.66,KOSDAQ
지에스이,053050,2550,-2.30,KOSDAQ
지에프씨생명과학,388610,9940,+1.02,KOSDAQ
지에프아이,493330,18750,-0.53,KOSDAQ
지엔씨에너지,119850,37050,+1.09,KOSDAQ
지엔코,065060,574,+0.00,KOSDAQ
지엘팜텍,204840,1034,-1.05,KOSDAQ
지엠비코리아,013870,4885,-0.41,KOSPI
지역난방공사,071320,76300,-0.26,KOSPI
지오엘리먼트,311320,8780,+3.78,KOSDAQ
지투지바이오,456160,85200,-0.47,KOSDAQ
지투파워,388050,16250,+11.23,KOSDAQ
진도,088790,2665,-1.84,KOSPI
진로발효,018120,18040,+0.28,KOSDAQ
진매트릭스,109820,2005,-0.50,KOSDAQ
진바이오텍,086060,4715,+1.07,KOSDAQ
진성티이씨,036890,19290,+8.37,KOSDAQ
진시스템,363250,5210,-5.44,KOSDAQ
진양산업,003780,5710,-1.89,KOSPI
진양제약,007370,4960,+0.20,KOSDAQ
진양폴리,010640,2390,-0.42,KOSPI
진양홀딩스,100250,3085,-0.64,KOSPI
진양화학,051630,2140,-2.73,KOSPI
진에어,272450,6300,+0.32,KOSPI
진영,285800,2120,-5.57,KOSDAQ
진원생명과학,011000,837,-3.24,KOSPI
진흥기업,002780,1360,-1.95,KOSPI
진흥기업2우B,002787,8490,+0.00,KOSPI
진흥기업우B,002785,3450,-1.29,KOSPI
차AI헬스케어,025620,8470,-2.08,KOSPI
차바이오텍,085660,16900,-1.11,KOSDAQ
차백신연구소,261780,3355,-18.17,KOSDAQ
차이커뮤니케이션,351870,4185,+0.60,KOSDAQ
참엔지니어링,009310,1065,+0.00,KOSPI
참좋은여행,094850,5490,-3.17,KOSDAQ
창해에탄올,004650,10520,+0.00,KOSDAQ
채비,0011T0,19980,-5.53,KOSDAQ
천보,278280,65600,+4.79,KOSDAQ
천일고속,000650,198800,-1.09,KOSPI
청담글로벌,362320,5060,-2.32,KOSDAQ
체리부로,066360,1248,-2.04,KOSDAQ
체시스,033250,999,+0.00,KOSPI
초록뱀미디어,047820,5490,-1.79,KOSDAQ
칩스앤미디어,094360,19040,+4.27,KOSDAQ
카나프테라퓨틱스,0082N0,34700,-4.14,KOSDAQ
카스,016920,1037,-2.26,KOSDAQ
카이노스메드,284620,1087,+0.00,KOSDAQ
카카오,035720,47100,-0.42,KOSPI
카카오게임즈,293490,11820,-1.66,KOSDAQ
카카오뱅크,323410,24400,+0.21,KOSPI
카카오페이,377300,56000,+0.54,KOSPI
카티스,140430,752,+0.00,KOSDAQ
카페24,042000,25600,+1.99,KOSDAQ
카프로,006380,3660,+0.00,KOSPI
캐리,313760,468,+0.00,KOSDAQ
캐스텍코리아,071850,1500,-0.20,KOSDAQ
캐프,198080,3050,-0.33,KOSDAQ
캔버스엔,210120,1453,+0.48,KOSDAQ
캠시스,050110,1919,+1.32,KOSDAQ
캡스톤파트너스,452300,4460,+0.11,KOSDAQ
컨텍,451760,23150,+2.89,KOSDAQ
컬러레이,900310,538,-0.19,KOSDAQ
컴투스,078340,33900,+3.51,KOSDAQ
컴투스홀딩스,063080,18090,-1.95,KOSDAQ
컴퍼니케이,307930,10660,+16.89,KOSDAQ
케스피온,079190,858,+30.00,KOSDAQ
케어랩스,263700,2620,-0.95,KOSDAQ
케어젠,214370,105400,-0.09,KOSDAQ
케이디켐,221980,10400,-0.29,KOSDAQ
케이바이오랩스,038530,310,+0.00,KOSDAQ
케이뱅크,279570,6290,+1.13,KOSPI
케이비아이동국실업,001620,642,+0.00,KOSPI
케이사인,192250,13130,+2.18,KOSDAQ
케이쓰리아이,431190,4675,-1.16,KOSDAQ
케이씨,029460,39500,+0.89,KOSPI
케이씨에스,115500,16000,+0.82,KOSDAQ
케이씨텍,281820,66500,+8.48,KOSPI
케이씨티,089150,3470,-0.14,KOSDAQ
케이씨피드,025880,3050,+0.00,KOSDAQ
케이아이엔엑스,093320,106700,+2.30,KOSDAQ
케이알엠,093640,5000,+2.35,KOSDAQ
케이에스피,073010,6190,+5.45,KOSDAQ
케이엔더블유,105330,10470,+0.29,KOSDAQ
케이엔솔,053080,14580,+4.67,KOSDAQ
케이엔알시스템,199430,25400,-1.93,KOSDAQ
케이엔에스,432470,14870,+5.09,KOSDAQ
케이엔제이,272110,41100,+2.49,KOSDAQ
케이엘넷,039420,3070,+0.99,KOSDAQ
케이엠,083550,3420,-3.12,KOSDAQ
케이엠더블유,032500,31650,+6.39,KOSDAQ
케이엠제약,225430,517,+0.00,KOSDAQ
케이옥션,102370,3255,+2.52,KOSDAQ
케이웨더,068100,2500,-3.85,KOSDAQ
케이이엠텍,106080,1650,+0.00,KOSDAQ
케이지에이,455180,3060,+1.16,KOSDAQ
케이카,381970,10800,-1.82,KOSPI
케이탑리츠,145270,897,-0.11,KOSPI
케이티알파,036030,5020,-1.95,KOSDAQ
케이프,064820,15880,+0.13,KOSDAQ
케이피에프,024880,5860,-0.34,KOSDAQ
케이피엠테크,042040,1170,-4.65,KOSDAQ
케이피티유,054410,3775,-2.58,KOSDAQ
케일럼,258610,1315,-5.60,KOSDAQ
켄코아에어로스페이스,274090,21950,+1.39,KOSDAQ
켐트로닉스,089010,38050,+1.74,KOSDAQ
켐트로스,220260,6070,+1.51,KOSDAQ
코나아이,052400,55700,+2.39,KOSDAQ
코난테크놀로지,402030,20800,+0.73,KOSDAQ
코닉오토메이션,391710,2190,+4.29,KOSDAQ
코다코,046070,10280,+0.00,KOSDAQ
코데즈컴바인,047770,5280,+14.91,KOSDAQ
코디,080530,815,+0.00,KOSDAQ
코람코더원리츠,417310,10210,-1.73,KOSPI
코람코라이프인프라리츠,357120,4585,-2.13,KOSPI
코렌텍,104540,5880,+0.86,KOSDAQ
코리아나,027050,1994,-0.55,KOSDAQ
코리아써우,007815,22000,+1.85,KOSPI
코리아써키트,007810,91400,-1.40,KOSPI
코리아써키트2우B,00781K,17040,+1.73,KOSPI
코리아에셋투자증권,190650,8800,+1.03,KOSDAQ
코리아에프티,123410,7150,+2.44,KOSDAQ
코리안리,003690,12170,-1.46,KOSPI
코맥스,036690,2885,+0.00,KOSDAQ
코메론,049430,19830,-2.07,KOSDAQ
코미코,183300,144200,+1.84,KOSDAQ
코미팜,041960,9720,+0.00,KOSDAQ
코세스,089890,50500,+6.54,KOSDAQ
코셈,360350,15010,+0.07,KOSDAQ
코스나인,082660,480,+0.00,KOSDAQ
코스리거글로벌,043710,905,+0.00,KOSDAQ
코스맥스,192820,209000,-0.71,KOSPI
코스맥스비티아이,044820,18400,+3.31,KOSPI
코스맥스엔비티,222040,5100,-1.35,KOSDAQ
코스메카코리아,241710,79400,-1.98,KOSDAQ
코스모신소재,005070,62700,+6.45,KOSPI
코스모화학,005420,18410,+3.72,KOSPI
코스텍시스,355150,51100,+0.20,KOSDAQ
코아스,071950,1410,-2.49,KOSPI
코아스템켐온,166480,3370,+1.51,KOSDAQ
코아시아,045970,5790,+3.39,KOSDAQ
코아시아씨엠,196450,1372,-1.22,KOSDAQ
코어라인소프트,384470,3940,+3.55,KOSDAQ
코오롱,002020,69900,-2.92,KOSPI
코오롱글로벌,003070,11140,-2.71,KOSPI
코오롱글로벌우,003075,15640,-0.95,KOSPI
코오롱생명과학,102940,59600,+1.71,KOSDAQ
코오롱우,002025,31100,-0.48,KOSPI
코오롱인더,120110,93800,-0.32,KOSPI
코오롱인더우,120115,30350,+0.00,KOSPI
코오롱티슈진,950160,104800,+2.75,KOSDAQ
코웨이,021240,86700,+0.70,KOSPI
코위버,056360,10700,+10.54,KOSDAQ
코윈테크,282880,17730,+4.42,KOSDAQ
코이즈,121850,2680,+1.71,KOSDAQ
코츠테크놀로지,448710,22300,+3.24,KOSDAQ
코칩,126730,22000,+5.01,KOSDAQ
코콤,015710,3985,-0.62,KOSDAQ
코텍,052330,11850,+0.68,KOSDAQ
코퍼스코리아,322780,458,+0.00,KOSDAQ
콘텐트리중앙,036420,5990,-0.99,KOSPI
콜마비앤에이치,200130,11420,-1.30,KOSDAQ
콜마홀딩스,024720,9820,+0.10,KOSPI
쿠콘,294570,29950,+0.34,KOSDAQ
쿠쿠홀딩스,192400,29050,-1.36,KOSPI
쿠쿠홈시스,284740,24500,+0.41,KOSPI
쿼드메디슨,464490,12980,-2.99,KOSDAQ
퀀타매트릭스,317690,4215,+7.80,KOSDAQ
퀄리타스반도체,432720,29500,+17.76,KOSDAQ
큐라클,365270,14950,-16.01,KOSDAQ
큐라티스,348080,834,-1.65,KOSDAQ
큐렉소,060280,16200,-1.70,KOSDAQ
큐로셀,372320,56100,-3.44,KOSDAQ
큐로홀딩스,051780,727,+0.00,KOSDAQ
큐리언트,115180,34950,-6.30,KOSDAQ
큐리오시스,494120,50100,-3.65,KOSDAQ
큐리옥스바이오시스템즈,445680,101200,-0.88,KOSDAQ
큐브엔터,182360,10120,-3.25,KOSDAQ
큐알티,405100,22450,+6.40,KOSDAQ
큐에스아이,066310,15660,+2.09,KOSDAQ
큐에이드,377460,4080,+0.00,KOSDAQ
큐캐피탈,016600,293,+0.00,KOSDAQ
크라우드웍스,355390,3345,-2.34,KOSDAQ
크라운제과,264900,8650,+1.05,KOSPI
크라운제과우,26490K,9370,-0.21,KOSPI
크라운해태홀딩스,005740,7190,+0.28,KOSPI
크라운해태홀딩스우,005745,7480,+1.22,KOSPI
크래프톤,259960,288500,+8.87,KOSPI
크레버스,096240,10800,-3.05,KOSDAQ
크레오에스지,040350,732,+0.00,KOSDAQ
크리스에프앤씨,110790,3985,+0.38,KOSDAQ
크리스탈신소재,900250,600,-2.76,KOSDAQ
크린앤사이언스,045520,3300,-1.64,KOSDAQ
클래시스,214150,56300,+1.26,KOSDAQ
클로봇,466100,50800,+1.70,KOSDAQ
클리오,237880,13220,-0.53,KOSDAQ
키네마스터,139670,2110,-1.86,KOSDAQ
키다리스튜디오,020120,3830,-1.16,KOSPI
키스트론,475430,6980,+19.11,KOSDAQ
키움제10호스팩,487720,2045,+0.25,KOSDAQ
키움제11호스팩,489480,2025,-0.49,KOSDAQ
키움증권,039490,422500,+6.16,KOSPI
키움히어로제1호스팩,466690,2020,+0.25,KOSDAQ
키움히어로제2호스팩,0131D0,1999,-0.05,KOSDAQ
키이스트,054780,2640,-4.00,KOSDAQ
킵스파마,256940,7990,-3.03,KOSDAQ
타이거일렉,219130,52600,+14.97,KOSDAQ
탑런토탈솔루션,336680,3850,-0.65,KOSDAQ
탑머티리얼,360070,20400,+0.49,KOSDAQ
탑엔지니어링,065130,3465,+5.00,KOSDAQ
탑코미디어,134580,1986,+3.22,KOSDAQ
태경비케이,014580,4835,+1.15,KOSPI
태경산업,015890,5080,-0.78,KOSPI
태경케미컬,006890,8810,-2.00,KOSPI
태광,023160,46000,-0.11,KOSDAQ
태광산업,003240,1190000,+0.00,KOSPI
태림포장,011280,2075,-0.95,KOSPI
태성,323280,75600,-4.91,KOSDAQ
태양,053620,7240,+0.00,KOSDAQ
태양금속,004100,3410,+5.41,KOSPI
태양금속우,004105,4150,+3.62,KOSPI
태영건설,009410,1972,+0.61,KOSPI
태영건설우,009415,10810,-3.48,KOSPI
태웅,044490,58800,+10.94,KOSDAQ
태웅로직스,124560,2580,-1.34,KOSDAQ
태원물산,001420,3035,-0.49,KOSPI
테고사이언스,191420,12230,-1.77,KOSDAQ
테라뷰,950250,6650,-1.77,KOSDAQ
테라사이언스,073640,654,+0.00,KOSDAQ
테라젠이텍스,066700,2960,-2.47,KOSDAQ
테스,095610,86700,+3.21,KOSDAQ
테이팩스,055490,21100,+5.50,KOSPI
테크엘,064520,1840,-1.23,KOSDAQ
테크윙,089030,61300,+6.98,KOSDAQ
텔레칩스,054450,14440,+0.91,KOSDAQ
텔코웨어,078000,16970,+0.41,KOSPI
텔콘RF제약,200230,626,-0.32,KOSDAQ
토니모리,214420,7550,-0.79,KOSPI
토마토시스템,393210,4480,-0.55,KOSDAQ
토모큐브,475960,58600,+5.02,KOSDAQ
토박스코리아,215480,2235,-0.22,KOSDAQ
토비스,051360,18400,+3.95,KOSDAQ
토탈소프트,045340,7280,+1.11,KOSDAQ
톱텍,108230,4445,-3.16,KOSDAQ
투비소프트,079970,596,+0.00,KOSDAQ
툴젠,199800,92500,+10.78,KOSDAQ
트루엔,417790,7820,-1.14,KOSDAQ
트리니티항공,091810,910,-1.62,KOSPI
트윔,290090,6650,-0.30,KOSDAQ
특수건설,026150,6790,+0.44,KOSDAQ
티디에스팜,464280,8870,-4.21,KOSDAQ
티로보틱스,117730,22650,-0.22,KOSDAQ
티비씨,033830,598,-0.17,KOSDAQ
티사이언티픽,057680,2635,-10.98,KOSDAQ
티쓰리,204610,3450,-1.85,KOSDAQ
티씨머티리얼즈,125020,8750,+3.80,KOSDAQ
티씨케이,064760,298500,+1.53,KOSDAQ
티앤알바이오팹,246710,2920,-1.35,KOSDAQ
티앤엘,340570,61500,+0.49,KOSDAQ
티에스넥스젠,043220,1710,+0.00,KOSDAQ
티에스아이,277880,5750,+2.31,KOSDAQ
티에스이,131290,167800,-0.59,KOSDAQ
티에이치엔,019180,7510,-0.40,KOSPI
티에프이,425420,73200,+9.25,KOSDAQ
티엑스알로보틱스,484810,19830,+1.95,KOSDAQ
티엔엔터테인먼트,131100,1294,+0.08,KOSDAQ
티엘비,356860,91900,+5.03,KOSDAQ
티엠씨,217590,30950,+6.91,KOSPI
티와이홀딩스,363280,2800,-1.41,KOSPI
티와이홀딩스우,36328K,4065,-0.37,KOSPI
티움바이오,321550,12550,-4.49,KOSDAQ
티웨이홀딩스,004870,268,-2.90,KOSPI
티이엠씨,425040,19710,+14.86,KOSDAQ
티이엠씨씨엔에스,241790,8530,+2.52,KOSDAQ
티케이지애강,022220,890,-0.45,KOSDAQ
티케이케미칼,104480,2630,-4.01,KOSDAQ
티플랙스,081150,3660,+0.14,KOSDAQ
티피씨글로벌,130740,2070,-3.04,KOSDAQ
팅크웨어,084730,8730,+0.11,KOSDAQ
파두,440110,81200,+3.84,KOSDAQ
파라다이스,034230,15850,+0.00,KOSPI
파라택시스이더리움,290560,1730,-3.62,KOSDAQ
파라택시스코리아,288330,416,+0.00,KOSDAQ
파라텍,033540,1014,-0.49,KOSDAQ
파로스아이바이오,388870,8990,-1.75,KOSDAQ
파루,043200,1045,-1.69,KOSDAQ
파마리서치,214450,339000,+8.13,KOSDAQ
파미셀,005690,20250,+11.82,KOSPI
파버나인,177830,2735,-0.91,KOSDAQ
파세코,037070,9660,-1.23,KOSDAQ
파수에이아이,150900,5600,-1.06,KOSDAQ
파워넷,037030,7440,+29.84,KOSDAQ
파워로직스,047310,5300,+2.32,KOSDAQ
파이버프로,368770,23850,+1.27,KOSDAQ
파이오링크,170790,11200,-1.58,KOSDAQ
파인디앤씨,049120,680,+0.00,KOSDAQ
파인디지털,038950,3485,+0.87,KOSDAQ
파인메딕스,387570,7660,-0.52,KOSDAQ
파인엠텍,441270,10940,+5.39,KOSDAQ
파인테크닉스,106240,2165,+1.17,KOSDAQ
파인텍,131760,1036,+0.00,KOSDAQ
파커스,065690,1501,+2.39,KOSDAQ
파크시스템스,140860,313000,+8.30,KOSDAQ
파트론,091700,7750,-6.40,KOSDAQ
판타지오,032800,342,+0.00,KOSDAQ
팜스빌,318010,3770,+1.89,KOSDAQ
팜스코,036580,3560,+5.33,KOSPI
팜스토리,027710,1438,+4.28,KOSDAQ
팜젠사이언스,004720,4150,-1.07,KOSPI
패션플랫폼,225590,950,+0.00,KOSDAQ
팬스타엔터프라이즈,054300,1148,+4.46,KOSDAQ
팬엔터테인먼트,068050,1570,-2.48,KOSDAQ
팬오션,028670,5640,+1.81,KOSPI
팬젠,222110,5760,-3.19,KOSDAQ
팸텍,271830,1621,+3.25,KOSDAQ
퍼스텍,010820,14270,+5.70,KOSPI
퍼시스,016800,35900,+0.00,KOSPI
펄어비스,263750,58500,-0.68,KOSDAQ
펌텍코리아,251970,42600,+2.90,KOSDAQ
페니트리움바이오,187660,9410,-16.06,KOSDAQ
페스카로,0015S0,14980,-0.73,KOSDAQ
페이퍼코리아,001020,674,+0.00,KOSPI
펨트론,168360,25950,+0.58,KOSDAQ
펩트론,087010,267500,+2.69,KOSDAQ
평화산업,090080,1031,+1.68,KOSPI
평화홀딩스,010770,4065,-1.69,KOSPI
포니링크,064800,799,+0.00,KOSDAQ
포메탈,119500,4320,+0.00,KOSDAQ
포바이포,389140,9170,+3.38,KOSDAQ
포스뱅크,105760,5620,-0.71,KOSDAQ
포스코DX,022100,35350,+1.29,KOSPI
포스코스틸리온,058430,8110,-3.34,KOSPI
포스코엠텍,009520,20300,+1.91,KOSDAQ
포스코인터내셔널,047050,87300,+0.00,KOSPI
포스코퓨처엠,003670,267000,+5.95,KOSPI
포시에스,189690,2045,-1.45,KOSDAQ
포인트모바일,318020,3795,+1.88,KOSDAQ
포인트엔지니어링,256630,1175,+0.00,KOSDAQ
포커스에이아이,331380,2375,+2.81,KOSDAQ
포톤,208710,2700,+0.19,KOSDAQ
폰드그룹,472850,5630,-3.76,KOSDAQ
폴라리스AI,039980,9200,-1.08,KOSDAQ
폴라리스AI파마,041910,7340,-1.87,KOSDAQ
폴라리스세원,234100,1020,+0.00,KOSDAQ
폴라리스오피스,041020,4815,-2.92,KOSDAQ
폴라리스우노,114630,2370,-1.25,KOSDAQ
푸드나무,290720,3315,-3.63,KOSDAQ
푸드웰,005670,6670,+2.30,KOSDAQ
푸른기술,094940,10500,+0.38,KOSDAQ
푸른저축은행,007330,11310,+0.80,KOSDAQ
풀무원,017810,12060,-1.95,KOSPI
풍강,093380,2895,+2.12,KOSDAQ
풍국주정,023900,10610,-0.93,KOSDAQ
풍산,103140,100300,+1.11,KOSPI
풍산홀딩스,005810,46200,+2.10,KOSPI
풍원정밀,371950,10290,-3.29,KOSDAQ
풍전약품,298060,927,+0.00,KOSDAQ
퓨런티어,370090,14320,+2.51,KOSDAQ
퓨릿,445180,12380,-2.44,KOSDAQ
퓨쳐켐,220100,20400,+11.23,KOSDAQ
프럼파스트,035200,4130,-1.67,KOSDAQ
프레스티지바이오로직스,334970,2245,-5.67,KOSDAQ
프레스티지바이오파마,950210,8600,-3.48,KOSPI
프로브잇,227100,612,+0.00,KOSDAQ
프로이천,321260,3230,+29.98,KOSDAQ
프로텍,053610,82300,+0.12,KOSDAQ
프로티나,468530,55200,-2.13,KOSDAQ
프로티아,303360,4950,-1.20,KOSDAQ
프롬바이오,377220,1269,+0.00,KOSDAQ
프리시젼바이오,335810,2270,+0.22,KOSDAQ
프리엠스,053160,8920,-1.11,KOSDAQ
플라즈맵,405000,7500,-2.47,KOSDAQ
플래스크,041590,2370,+0.00,KOSDAQ
플래티어,367000,4070,+1.75,KOSDAQ
플랜티넷,075130,2500,+0.00,KOSDAQ
플레이그램,009810,1178,+0.00,KOSPI
플레이디,237820,4600,-1.92,KOSDAQ
플레이위드,023770,2830,-5.35,KOSDAQ
플루토스,019570,456,-2.77,KOSDAQ
플리토,300080,11470,-0.43,KOSDAQ
피노,033790,16130,+18.78,KOSDAQ
피델릭스,032580,1433,+4.45,KOSDAQ
피씨디렉트,051380,2310,-4.55,KOSDAQ
피씨엘,241820,6040,+0.00,KOSDAQ
피아이이,452450,6920,+0.14,KOSDAQ
피앤씨테크,237750,6910,+11.81,KOSDAQ
피앤에스로보틱스,460940,8480,+3.67,KOSDAQ
피에스케이,319660,100100,+12.85,KOSDAQ
피에스케이홀딩스,031980,132000,+6.19,KOSDAQ
피에스텍,002230,10750,+3.76,KOSDAQ
피에이치에이,043370,13140,+0.31,KOSDAQ
피엔에이치테크,239890,6150,-0.65,KOSDAQ
피엔케이피부임상연구센타,347740,2420,-3.01,KOSDAQ
피엔티,137400,58000,+3.57,KOSDAQ
피엔티엠에스,257370,3170,-0.78,KOSDAQ
피엠티,147760,6660,-4.58,KOSDAQ
피제이메탈,128660,3715,+2.77,KOSDAQ
피제이전자,006140,7190,+0.98,KOSDAQ
피코그램,376180,2960,+1.20,KOSDAQ
피플바이오,304840,1344,+1.13,KOSDAQ
픽셀플러스,087600,6420,+1.10,KOSDAQ
핀텔,291810,1915,+2.13,KOSDAQ
필에너지,378340,20300,+1.65,KOSDAQ
필옵틱스,161580,48650,+1.78,KOSDAQ
핌스,347770,2065,-2.13,KOSDAQ
핑거,163730,20250,+6.86,KOSDAQ
핑거스토리,417180,1579,+0.00,KOSDAQ
하나30호스팩,469880,2085,+0.00,KOSDAQ
하나31호스팩,469900,2065,+0.24,KOSDAQ
하나32호스팩,475240,2090,+0.48,KOSDAQ
하나33호스팩,475250,2095,+0.24,KOSDAQ
하나34호스팩,484130,2035,-0.49,KOSDAQ
하나35호스팩,0041L0,2010,+0.00,KOSDAQ
하나36호스팩,0101C0,2000,+0.05,KOSDAQ
하나금융지주,086790,126600,-1.02,KOSPI
하나기술,299030,31150,-2.20,KOSDAQ
하나마이크론,067310,42050,+5.92,KOSDAQ
하나머티리얼즈,166090,79400,+5.17,KOSDAQ
하나제약,293480,9850,+0.41,KOSPI
하나투어,039130,41800,-0.12,KOSPI
하림,136480,3325,+0.91,KOSDAQ
하림지주,003380,13500,+2.90,KOSDAQ
하스,450330,7060,-1.12,KOSDAQ
하이드로리튬,101670,2060,-0.24,KOSDAQ
하이딥,365590,2010,-1.23,KOSDAQ
하이로닉,149980,7300,-15.90,KOSDAQ
하이록코리아,013030,46150,+4.53,KOSDAQ
하이브,352820,257500,-2.09,KOSPI
하이비젼시스템,126700,18360,-0.16,KOSDAQ
하이스틸,071090,4610,-0.22,KOSPI
하이젠알앤엠,160190,45400,+4.13,KOSDAQ
하이즈항공,221840,2900,-2.68,KOSDAQ
하이텍팜,106190,18310,-4.78,KOSDAQ
하이트진로,000080,17070,-0.23,KOSPI
하이트진로2우B,000087,14080,+0.21,KOSPI
하이트진로홀딩스,000140,9200,-0.11,KOSPI
하이트진로홀딩스우,000145,12150,+1.25,KOSPI
하이퍼코퍼레이션,065650,2110,+0.00,KOSDAQ
하츠,066130,4370,-2.46,KOSDAQ
한국가구,004590,5730,+0.88,KOSDAQ
한국가스공사,036460,38600,-1.28,KOSPI
한국경제TV,039340,4955,+0.20,KOSDAQ
한국공항,005430,58700,-0.17,KOSPI
한국금융지주,071050,262000,+9.17,KOSPI
한국금융지주우,071055,181900,+5.69,KOSPI
한국기업평가,034950,107200,+0.85,KOSDAQ
한국내화,010040,1990,-0.45,KOSPI
한국단자,025540,88600,-3.06,KOSPI
한국맥널티,222980,2600,-0.76,KOSDAQ
한국무브넥스,010100,4520,+0.89,KOSPI
한국비엔씨,256840,4025,+1.13,KOSDAQ
한국비티비,219750,805,-0.12,KOSDAQ
한국석유,004090,15500,-3.37,KOSPI
한국선재,025550,4630,+8.81,KOSDAQ
한국수출포장,002200,2805,+0.36,KOSPI
한국쉘석유,002960,495500,-2.65,KOSPI
한국알콜,017890,14050,-0.14,KOSDAQ
한국앤컴퍼니,000240,25300,+1.40,KOSPI
한국유니온제약,080720,2725,+0.00,KOSDAQ
한국자산신탁,123890,2620,-1.32,KOSPI
한국전력,015760,44500,+2.18,KOSPI
한국전자인증,041460,4195,+0.48,KOSDAQ
한국전자홀딩스,006200,801,+0.00,KOSPI
한국정밀기계,101680,2970,+0.17,KOSDAQ
한국정보공학,039740,4180,+2.70,KOSDAQ
한국정보인증,053300,6500,+1.09,KOSDAQ
한국정보통신,025770,11420,+0.00,KOSDAQ
한국제13호스팩,464440,2085,+0.00,KOSDAQ
한국제15호스팩,479880,2050,+0.00,KOSDAQ
한국제지,027970,763,-0.13,KOSPI
한국종합기술,023350,5330,+0.95,KOSPI
한국주강,025890,2205,+7.04,KOSPI
한국주철관,000970,7300,-0.68,KOSPI
한국철강,104700,10390,-1.98,KOSPI
한국첨단소재,062970,2965,+9.41,KOSDAQ
한국카본,017960,48800,-1.51,KOSPI
한국캐피탈,023760,973,+0.10,KOSDAQ
한국컴퓨터,054040,5680,-1.22,KOSDAQ
한국콜마,161890,88700,+0.00,KOSPI
한국큐빅,021650,2345,+0.64,KOSDAQ
한국타이어앤테크놀로지,161390,61500,+3.89,KOSPI
한국토지신탁,034830,1586,-0.69,KOSPI
한국특강,007280,1524,+0.00,KOSPI
한국파마,032300,11480,-1.03,KOSDAQ
한국팩키지,037230,2385,+0.63,KOSDAQ
한국피아이엠,448900,127900,+18.76,KOSDAQ
한국항공우주,047810,180000,+6.51,KOSPI
한국화장품,123690,8840,-0.56,KOSPI
한국화장품제조,003350,10090,-0.10,KOSPI
한글과컴퓨터,030520,20350,+0.00,KOSDAQ
한네트,052600,4040,-0.86,KOSDAQ
한농화성,011500,23700,+0.42,KOSPI
한독,002390,10160,-1.45,KOSPI
한독크린텍,256150,5440,-0.18,KOSDAQ
한라IMS,092460,19610,-6.40,KOSDAQ
한라캐스트,125490,17090,-0.23,KOSDAQ
한미글로벌,053690,27700,-1.07,KOSPI
한미반도체,042700,378000,+2.72,KOSPI
한미사이언스,008930,38050,+0.93,KOSPI
한미약품,128940,445000,-3.26,KOSPI
한빛레이저,452190,8170,+2.64,KOSDAQ
한빛소프트,047080,1424,+7.63,KOSDAQ
한샘,009240,41850,-7.41,KOSPI
한선엔지니어링,452280,20750,-5.68,KOSDAQ
한섬,020000,26400,-0.56,KOSPI
한성기업,003680,5130,-0.58,KOSPI
한성크린텍,066980,1508,-1.50,KOSDAQ
한세실업,105630,11610,+0.61,KOSPI
한세엠케이,069640,666,+0.00,KOSPI
한세예스24홀딩스,016450,4500,-0.88,KOSPI
한솔로지스틱스,009180,3350,+5.51,KOSPI
한솔아이원스,114810,17320,+2.24,KOSDAQ
한솔제지,213500,8280,-2.93,KOSPI
한솔케미칼,014680,286500,+0.53,KOSPI
한솔테크닉스,004710,8260,+1.60,KOSPI
한솔홀딩스,004150,3375,+0.75,KOSPI
한솔홈데코,025750,2680,-2.37,KOSPI
한스바이오메드,042520,29850,+1.53,KOSDAQ
한신공영,004960,14420,-3.22,KOSPI
한신기계,011700,4965,+7.58,KOSPI
한싹,430690,4815,+1.16,KOSDAQ
한양디지텍,078350,32200,+4.04,KOSDAQ
한양이엔지,045100,32500,+1.09,KOSDAQ
한양증권,001750,29150,+1.75,KOSPI
한양증권우,001755,29650,+0.17,KOSPI
한온시스템,018880,4850,+14.66,KOSPI
한올바이오파마,009420,46300,-2.32,KOSPI
한울반도체,320000,1533,+0.00,KOSDAQ
한울소재과학,091440,3150,-1.56,KOSDAQ
한울앤제주,276730,767,+0.00,KOSDAQ
한익스프레스,014130,2760,-0.90,KOSPI
한일단조,024740,3475,-1.42,KOSDAQ
한일사료,005860,3950,+0.13,KOSDAQ
한일시멘트,300720,17300,-0.86,KOSPI
한일철강,002220,5740,+9.75,KOSPI
한일홀딩스,003300,17400,-0.85,KOSPI
한일화학,007770,7800,-0.51,KOSDAQ
한전KPS,051600,61400,-1.29,KOSPI
한전기술,052690,186300,-1.22,KOSPI
한전산업,130660,20600,+2.49,KOSPI
한주라이트메탈,198940,861,+0.00,KOSDAQ
한주에이알티,058450,5450,+29.92,KOSDAQ
한중엔시에스,107640,69900,+4.17,KOSDAQ
한진,002320,19230,-0.98,KOSPI
한진중공업홀딩스,003480,6390,+3.73,KOSPI
한진칼,180640,112300,-0.35,KOSPI
한진칼우,18064K,32800,-0.61,KOSPI
한창,005110,1254,+0.00,KOSPI
한창산업,079170,6780,+0.15,KOSDAQ
한창제지,009460,544,+0.00,KOSPI
한컴라이프케어,372910,2525,-2.51,KOSPI
한컴위드,054920,6980,+1.75,KOSDAQ
한켐,457370,9280,+0.00,KOSDAQ
한탑,002680,694,-2.94,KOSDAQ
한텍,098070,46150,-2.43,KOSDAQ
한패스,408470,15270,-0.26,KOSDAQ
한화,000880,139900,+4.87,KOSPI
한화3우B,00088K,50500,+2.02,KOSPI
한화갤러리아,452260,3025,-1.47,KOSPI
한화갤러리아우,45226K,7170,-1.78,KOSPI
한화리츠,451800,5670,-5.03,KOSPI
한화비전,489790,88700,+2.90,KOSPI
한화생명,088350,5040,+3.17,KOSPI
한화손해보험,000370,6850,+3.47,KOSPI
한화솔루션,009830,49900,-1.58,KOSPI
한화솔루션우,009835,29000,-1.19,KOSPI
한화시스템,272210,119700,+2.05,KOSPI
한화에어로스페이스,012450,1465000,+3.39,KOSPI
한화엔진,082740,89500,+1.70,KOSPI
한화오션,042660,133000,+0.91,KOSPI
한화투자증권,003530,8190,+9.05,KOSPI
한화투자증권우,003535,9450,+2.72,KOSPI
한화플러스제5호스팩,498390,2040,+0.00,KOSDAQ
해성디에스,195870,79500,-0.87,KOSPI
해성산업,034810,8040,-0.12,KOSDAQ
해성산업1우,03481K,7940,+0.51,KOSDAQ
해성에어로보틱스,059270,9770,+2.20,KOSDAQ
해성옵틱스,076610,1885,+8.40,KOSDAQ
해태제과식품,101530,6490,-0.15,KOSPI
핸디소프트,220180,1922,-1.69,KOSDAQ
핸즈코퍼레이션,143210,1199,+0.00,KOSPI
헝셩그룹,900270,1081,-1.01,KOSDAQ
헥토이노베이션,214180,20800,+0.97,KOSDAQ
헥토파이낸셜,234340,33800,+5.13,KOSDAQ
헬릭스미스,084990,8730,+1.28,KOSDAQ
현대건설,000720,159400,-1.48,KOSPI
현대건설우,000725,73600,-0.94,KOSPI
현대공업,170030,5750,+0.17,KOSDAQ
현대그린푸드,453340,16350,-1.15,KOSPI
현대글로비스,086280,225500,-0.66,KOSPI
현대로템,064350,269000,+0.19,KOSPI
현대리바트,079430,8060,+1.00,KOSPI
현대모비스,012330,431500,+1.53,KOSPI
현대무벡스,319400,32450,+3.51,KOSDAQ
현대바이오,048410,14400,+7.46,KOSDAQ
현대바이오랜드,052260,4610,+0.44,KOSDAQ
현대백화점,069960,111700,+2.57,KOSPI
현대비앤지스틸,004560,17500,+1.74,KOSPI
현대사료,016790,994,+0.00,KOSDAQ
현대약품,004310,8590,-0.35,KOSPI
현대에버다임,041440,9320,+1.30,KOSDAQ
현대에이치티,039010,11030,+4.65,KOSDAQ
현대엘리베이터,017800,100100,+1.42,KOSPI
현대오토에버,307950,446000,-1.00,KOSPI
현대위아,011210,82900,+0.24,KOSPI
현대이지웰,090850,6420,+3.22,KOSDAQ
현대제철,004020,43050,+1.18,KOSPI
현대지에프홀딩스,005440,14720,+2.58,KOSPI
현대차,005380,539000,+1.51,KOSPI
현대차2우B,005387,249500,+0.60,KOSPI
현대차3우B,005389,241000,-0.21,KOSPI
현대차우,005385,249000,+0.00,KOSPI
현대차증권,001500,11650,+6.20,KOSPI
현대코퍼레이션,011760,30100,-2.59,KOSPI
현대코퍼레이션홀딩스,227840,14190,+2.09,KOSPI
현대퓨처넷,126560,3330,-0.45,KOSPI
현대해상,001450,31250,+2.80,KOSPI
현대홈쇼핑,057050,85500,+0.71,KOSPI
현대힘스,460930,20100,+1.01,KOSDAQ
현우산업,092300,3905,+5.11,KOSDAQ
형지I&C,011080,435,+0.00,KOSDAQ
형지글로벌,308100,960,+0.00,KOSDAQ
형지엘리트,093240,955,+0.53,KOSPI
혜인,003010,7260,+1.82,KOSPI
호전실업,111110,7840,-0.38,KOSPI
호텔신라,008770,64800,-1.07,KOSPI
호텔신라우,008775,39950,-2.56,KOSPI
홈캐스트,064240,2250,+2.74,KOSDAQ
화성밸브,039610,9620,-0.31,KOSDAQ
화승알앤에이,378850,3560,+1.28,KOSPI
화승엔터프라이즈,241590,4875,+0.93,KOSPI
화승인더,006060,3515,+0.72,KOSPI
화승코퍼레이션,013520,3365,+2.59,KOSPI
화신,010690,12430,+0.24,KOSPI
화신정공,126640,1568,-2.24,KOSDAQ
화인베스틸,133820,1599,-5.94,KOSPI
화인써키트,127980,6760,-3.57,KOSDAQ
화일약품,061250,9030,-4.24,KOSDAQ
화천기계,010660,4725,-6.99,KOSPI
화천기공,000850,38850,+0.26,KOSPI
환인제약,016580,11930,+0.59,KOSPI
황금에스티,032560,6310,-0.94,KOSPI
효성,004800,221000,-3.07,KOSPI
효성ITX,094280,13000,-1.37,KOSPI
효성오앤비,097870,6780,+0.44,KOSDAQ
효성중공업,298040,4228000,+8.08,KOSPI
효성티앤씨,298020,512000,-1.16,KOSPI
효성화학,298000,38900,+0.00,KOSPI
후성,093370,14130,+6.72,KOSPI
휴네시온,290270,4215,+0.12,KOSDAQ
휴니드,005870,9030,-4.55,KOSPI
휴럼,353190,3280,+2.50,KOSDAQ
휴림로봇,090710,12510,-0.87,KOSDAQ
휴림에이텍,078590,525,+0.00,KOSDAQ
휴마시스,205470,801,+0.00,KOSDAQ
휴맥스,115160,8760,-6.51,KOSDAQ
휴맥스홀딩스,028080,10010,+2.46,KOSDAQ
휴먼테크놀로지,175140,3875,-2.39,KOSDAQ
휴메딕스,200670,35650,+0.85,KOSDAQ
휴비스,079980,3385,-2.87,KOSPI
휴비츠,065510,7720,-1.91,KOSDAQ
휴스틸,005010,6640,-2.64,KOSPI
휴엠앤씨,263920,3880,-0.39,KOSDAQ
휴온스,243070,26450,+0.19,KOSDAQ
휴온스글로벌,084110,62000,-1.74,KOSDAQ
휴젤,145020,261500,+3.56,KOSDAQ
흥구석유,024060,16890,-5.80,KOSDAQ
흥국,010240,5960,+0.17,KOSDAQ
흥국에프엔비,189980,1618,-1.22,KOSDAQ
흥국화재,000540,4470,+1.25,KOSPI
흥국화재우,000545,7180,+2.28,KOSPI
흥아해운,003280,2880,-0.35,KOSPI
희림,037440,5890,-1.01,KOSDAQ
힘스,238490,3495,-2.37,KOSDAQ
